"metier","nom","adresse","ville_recherche","comarca","telephone","telephone_intl","note","nb_avis","nb_photos","google_maps","place_id","horaires","categorie_gmb_1","categorie_gmb_2","categorie_gmb_3","categorie_gmb_4","categorie_gmb_5","avis_1_auteur","avis_1_note","avis_1_texte","avis_2_auteur","avis_2_note","avis_2_texte","avis_3_auteur","avis_3_note","avis_3_texte","avis_4_auteur","avis_4_note","avis_4_texte","avis_5_auteur","avis_5_note","avis_5_texte","photo_1","photo_2","photo_3","photo_4","photo_5","latitude","longitude","SCORE_TOTAL","PRIORITE","score_note","score_nb_avis","score_photos","score_avis_texte","score_categories"
"carpintero","Cerrajería Sánchez Pérez S.L","Av. de los Llanos, 345, 03160 Almoradí, Alicante, España","Almoradí","Vega Baja","658 57 79 80","+34 658 57 79 80","4.6","37","5","https://maps.google.com/?cid=14460248953042048852","ChIJOxIqogelYw0RVBfJIc8frcg","lunes: 8:00–19:00 | martes: 8:00–19:00 | miércoles: 8:00–19:00 | jueves: 8:00–19:00 | viernes: 8:00–19:00 | sábado: 8:00–13:30 | domingo: Cerrado","Tienda","","","","","Martin","5","Oscar es un gran profesional, un ejemplo a seguir en el mundo laboral. Gente seria, que cumple a tiempo y sobre todo responsable. Calidad asegurada, de las mejores empresas en la zona hablando de precios en comparación a resultados","Carlos Annia","5","Seleccionamos Cerrajería Sanchez Perez para la fabrication e instalacion de la puerta corredera (con acceso peatonal) y del vallado exterior de toda la casa. El trato con Oscar fue cordial y rapido desde el comienzo. Claro en el proceso de fabricación y calidad del material (hierro galvanizado laqueado al horno para larga vida).  Ademas nos mantuvo informados del progreso enviándonos fotos. La relación precio valor fue el mas competitivo que recibimos. Estamos muy satisfechos con el servicio y lo recomendamos.","alejandro pareja","5","Profesionales y todo muy bien puesto y hecho! Recomendable 100%","maria jesus reche sanchez","5","Muy satisfechos!!!  Tanto en el presupuesto como en la instalación de techo de policarbonato, han sido muy rápidos y muy profesionales. En tan solo dos días desde q contactamos con ellos, estamos muy contentos con el trabajo realizado. Un diez a todo el equipo! Una empresa seria y de confianza. Repetiremos!","YNC","5","Sin duda, volvería a elegirlos! Son unos profesionales en toda regla, cualquier problema te lo solucionan al momento. Pusimos un vallado con dos puertas, una corredera para el coche y otra peatonal. Se ha quedado espectacular. Gracias!","https://maps.googleapis.com/maps/api/place/photo?maxwidth=800&photoreference=AcnlKN1BI8UBLr8JZ34MqX0OHGvphb19PDcToy34I395xt-XANb7BR2mHfOfFxxDG8qpjzHlgiKpPFWOSNIXse316Z3Y0UivRdrYIFpbVyZee-3mQuKu8SsQOLTSsrqWw4IxjPFK0A0R8YoOmCID-o5BCf2kDLjQmn1gIYNvVmEDOicf_3tOAGfC68z47knV0aZGsyeTM236LbpVZqPqbfsQZNBb0w_tNwmImbcxL_dmb1N4ZeqUt1DqJZHnqF6jT9LxyI1z71n6mabLL3wjsSNZeBuThX9saukSdXeSx9jmQW222A&key=AIzaSyDYOoF-ybVDXPXhmnOq1TChpFQkEgr9meo","https://maps.googleapis.com/maps/api/place/photo?maxwidth=800&photoreference=AcnlKN0ni7yU4Mmg6IcF7E2-Y9-jJHuYXubxU2vSeFcLZmCziqyTj7h3hXaxrEOqDoJuVU9KJZATTns7dfodP8tD_Us0i9gAmr4nPwfvIAIbWmRc0E0jIHEjn7d8hm6oMUgjboaUKTeK5-JUNTHeZ7oZ10-Bz_KYYxUfJLTP0q8hKu7Cw-lcWvJVXot_Ax-LnMg6PvT7169Rx0QRuLhMfjB0q_CD6NLNH6N9iQfKC9v2TF0laLe-ZLyGtWaPZKfiRlDkJdyvgx4HKRK5r7gV-KYdKp0kogj9_sU-r5D5UedHI1n3oA&key=AIzaSyDYOoF-ybVDXPXhmnOq1TChpFQkEgr9meo","https://maps.googleapis.com/maps/api/place/photo?maxwidth=800&photoreference=AcnlKN2Ud3ZFG2c1LCjixG1FFTczSRVgRtNFMqSi-FGlGTTNgIPwYyYBHQcXCZD1rIq3q59aXDkra8M2tc2MjXVd4rqxSEocFkO49SDcIdMVdd_Tdmem_aaTnxfUbumzYLUjcHfQrOVXKbvAG6WZ8Fz9klmWFud5IWKfrIQ6pO6NQ4dpsHfAx5yVxEWHXVNnSjr9qFg9mlk2PMNtXfr4mdu2p870tr2gk7-SyHGo2wm3CBTFqqn2h1pqFFUs84Dd__EskuU0m-hOoHNM386cs5BMb7-4S5w6QIgwgiel3Dw7QxKk-A&key=AIzaSyDYOoF-ybVDXPXhmnOq1TChpFQkEgr9meo","https://maps.googleapis.com/maps/api/place/photo?maxwidth=800&photoreference=AcnlKN05xTeo18RFie_WmHJKrsoYQ8fKUWEf2tIsMaJ_FR-Dwtr-nP8l1Mp2kfvQktuoL5hY6UfqFoTOaBy7h4y-u4e8kqmR4w3HY1W13wjo-ca0EpaCgHap3pS8Dkl6seDG8mG5FWQV4p5i_CJcc_o5n-WpcoxFQKZu1LFor6g-6Z47VgTBFiYC6Q6ZvLfduaXR0feUXjQbc9cIW1wTsNbjVBzJ8FM8K7_x91AU-9ViTeoqcmxHM9eTXCtZBeUbea7cdu0CxZzlp3GVNGlm6BH1ekjbpCXEXpgs-4AS7YIFnlshnQ&key=AIzaSyDYOoF-ybVDXPXhmnOq1TChpFQkEgr9meo","https://maps.googleapis.com/maps/api/place/photo?maxwidth=800&photoreference=AcnlKN1iLElX6NMZ5EfcI-Oojnk1hkdi4rQt3uzX-vtESZjMl7tBIlVMuzOTOzEPINikr4TyNTHoLs6aA00hANgSGGtvWa-IzvgzatymSznX93x0bGevoE1HtNi7Z-vOeIAt6r2iSy1EiVWldo0JVOoRW8ZMepLilSKeqHDQQYbYKcgfOXzsb8vuHsH0e2evQ87Akc4umQ9J1lfGbIbH0694lIaUZYz2DLADHazCyham9ek2TnmDZ1ot-qBE1y6LfvVi8_VvxZ1CO0Ek0Q4nR_agElKX9grYQbo8gAaThZadyGa8Kw&key=AIzaSyDYOoF-ybVDXPXhmnOq1TChpFQkEgr9meo","38.0929853","-0.7727299999999999","86","🔥 A - Prioritaire","25","22","20","15","4"
"carpintero","Carpintería Pérez Roca","carpintería, Pol. Ind. San Roque, C. Rastrilladores, 21, 03360 Callosa de Segura, Alicante, España","Hondón de los Frailes","Vinalopó Mitjà","658 33 42 93","+34 658 33 42 93","4","8","5","https://maps.google.com/?cid=13261907789590473814","ChIJCe9uDq28Yw0RVqyGut7CC7g","lunes: 8:00–16:00 | martes: 8:00–16:00 | miércoles: 8:00–16:00 | jueves: 8:00–16:00 | viernes: 8:00–16:00 | sábado: Cerrado | domingo: Cerrado","Tienda","","","","","Fidens Aluminium","5","Nos acaban de terminar la instalación de unos armarios para archivos y una cocina. Solo decir que todo se a quedado perfecto e inmejorable. Hemos quedado muy contentos y sin duda volveremos a repetir con ellos en próximos trabajos. Agradecer a Miguel y a todo su equipo el interés prestado y que estén por seguro que los recomendaremos a todo el mundo.","Ross Gd","5","Muy buenos profesionales te asesoran y realizan perfectos trabajos. A nosotros nos hicieron un armario en un hueco que teníamos y ha quedado estupendo.Los recomiendo  ampliamente.","David Galipienso Troncoso","5","No solo rápidos y detallistas si no que asesoran y crean distribuciones a medida con las mejores posibilidades. Buena adaptación a las necesidades del cliente además de un gran servicio postventa.","Raquel Hernandez","1","No te llamo todos los días 10 veces, pero si te he llamado 10 veces en 2 meses, para nada, y te llamo mi marido y si le cogiste,una falta de profesionalidad muy grande,por lo que veo os da igual hacer perder el tiempo a los posibles clientes,ya tengo la puerta arreglada, llamé a otro carpintero el viernes y el miércoles me arreglaron la puerta, no es falta de tiempo sino de ganas de trabajar, vuelvo a decir pésimo trato y nulo servicio, yo si valoro el tiempo por eso pongo esta reseña para advertir a otros de mi mala experiencia.","Raquel Jerez","1","Pésimo trato,vinieron a ver el arreglo de una puerta, los llamo más de 10 veces y no cogen el teléfono, los llamo desde otro número y si lo cogen, si no os interesa un trabajo porque es complicado y no vais a sacar mucho beneficio o no sabéis realizar trabajos complicados lo decís y busco a otro pero no hagáis perder el tiempo.","https://maps.googleapis.com/maps/api/place/photo?maxwidth=800&photoreference=AcnlKN3kTA-xpnWOEoLCj2k-PmVamx-b-9CtBLlaI-4PYInVdk79K9dda8ulhRA2rj5IRY9kj5wnfOPzvWXohAOalJGCnaNpjmD2AUHHHKK_r8l7jVmbySFbh2Ciy0BLcHhuNBAnaRWuqy-_Y41R-96u85Q4GmEcVBfmXZna7aBOsKVQ-IC7Kp8-O29d6L9zbhA7qt-6LoogAp-ChAM-aM3OLaoBeH4dcUwigvfZ_IGEnn4vP3AQRqyKCGh5y82qAtMrRgobUZyblFNRT4P5Gh_QrsCgWHydHljJ3X5FtSU3tNFR9A&key=AIzaSyDYOoF-ybVDXPXhmnOq1TChpFQkEgr9meo","https://maps.googleapis.com/maps/api/place/photo?maxwidth=800&photoreference=AcnlKN2kTxAgTyL9Ylq43uj1-FgIsrL3cONIemJT5nBZtqFpu-Hu_HmPHzSdx4cw3zCSDpXqZKJWrtlvJI0v0yhoX5g6epTk0enmCHjrme8TGT58al2sW234BSocKleP6PQdsIZFH9xDH15cba3bLkcRWRvRSx6ZwMF7XxLWuPUsuu1YwTEfxVym7s4NHiA6Z6IWL9vUWod9NIwU_0cFPmggVOQKjUdBIZimtEBO8mwMfZ4iquLWY75AFjSYSL5SoWxVOckLnBYgkUONusV_PHIUglmJ4N4VejTqG3C_Wv0tgDvW3Q&key=AIzaSyDYOoF-ybVDXPXhmnOq1TChpFQkEgr9meo","https://maps.googleapis.com/maps/api/place/photo?maxwidth=800&photoreference=AcnlKN0FFAal1rIuCMtT3-tTLOjGvvnT_MbXCWIYYaI7AFDrWmxJnkawXykeCwa68HyHdnmLk66RqGa_GbM9woW8T-BdusVPt6oQimXCex7cXVye5OQVwdC78RCpIbj8RoLl8GteBYK1lvMAtAoslaBnpBXBBelKZdY20esHxKhpV4iRiTLnt88tT1l4CwxHsRBeVJwALH1YXl8OML5mqsDI8K-GVhInlre_tU9NBEJVL6VdssnQcWNPGEPBzyHOgaR0sqSvExStTnduHsOemDcFdDZwCC8q3xWZ4Y6W9EQRTwdC3A&key=AIzaSyDYOoF-ybVDXPXhmnOq1TChpFQkEgr9meo","https://maps.googleapis.com/maps/api/place/photo?maxwidth=800&photoreference=AcnlKN1yG8gXcphpmOSOhDGJGOPsQRDu12tvbj7Wzdqi82cHM4NUuESNrLDRz35jtoNhhA7gMPaa92OMTpLB54yqP0tdN4UIwowiO_MByZvGhHiO-3EVuT21yIL6sLtqFl-5a9catrzYUwOQkpCNZ3xWtkxjLzkTFM7mBpFUTafCLD1sUel8EkZRGs7V29lmI0Kur3_zbGcgVjkNtBbOOgad5AyNAAVfsSy1n-G9bYkwGFwwDZMv7qP10nkaK2OhcnlPo4yTcK8x3xu1-j2nf4c1y8XjOpU_Cq9CcleTYY2gUWcUfw&key=AIzaSyDYOoF-ybVDXPXhmnOq1TChpFQkEgr9meo","https://maps.googleapis.com/maps/api/place/photo?maxwidth=800&photoreference=AcnlKN0QAFQN07U9dPf9gZyBLoUC5nh6QkLgE_-WYbecD2na14w48Gw_hLRe29fyTrAZ8yTR1uFXZUXrxBky9OX5SDG-cVJOVbef-bpFEYbgi8hZGc9Fd4vmQbzPjfUrq5AgnKI7yMzUl2t5z-lzCbZ_hrCdQGKXDXC_wjlg84cbtCzTSjWpMuu7nCeqV_-mDC8yuYrOcpJhRvHyVRZbVLfZwrUYxCINpYaTQU0F7tRFetxaJRjxD0fpGykxHubr5eL1GxpwFVuAgKENoIqKI63UH4dhN4vCFtluNMCWFXqoDZPz0A&key=AIzaSyDYOoF-ybVDXPXhmnOq1TChpFQkEgr9meo","38.1479038","-0.8379551","69","⭐ B - Intéressant","20","10","20","15","4"
"carpintero","Carpintería Altea","Camí del Pontet, 48, 03590 Altea, Alicante, España","Castell de Castells","Marina Alta","619 23 64 71","+34 619 23 64 71","4.5","8","5","https://maps.google.com/?cid=1799139665219827152","ChIJl-5IT3UBYg0R0DW-Rv7T9xg","lunes: 8:00–4:00 | martes: 8:00–4:00 | miércoles: 8:00–4:00 | jueves: 8:00–4:00 | viernes: 8:00–4:00 | sábado: Cerrado | domingo: Cerrado","Tienda","","","","","Rafa Jordan","5","Profesionales y efectivos. Trabajos a medida.","Julio Delgado (duendi1)","5","Grandes profesionales","Gunter Dingel","5","Siempre es un placer","Vicente Miralles","5","","Santiago Miguel Reig","3","","https://maps.googleapis.com/maps/api/place/photo?maxwidth=800&photoreference=AcnlKN0JSvCM05a5wc-nGTfFR6aT_BqukuJ4Gw0kmZJK4v2Si9gJRi6M6UWUcEZU9Vos8YPM5lhF-RJsg_kZu1L_SM0xbGlPIZUPmM6_0qawGSShA-FJ3VvopQQLQJx2-FufBmeU9sBvsbwaPiUtiTUiEwYe-VF98ERvo1X_I9-OWh9Ad--ghctq9-r5kPlRTcGoQQYzO9ru8tRSnLdflRWwJIYliQUmRBzPG9rEoUqD-rkKkaWOr7MfIi_nNX5ABV4lliP6M6xsQ-MgMsNtrKdgZJe6C20epjDev7qrFree7061K4Clz2ezQCCxcYDTBsX6Lr8ePhaq3eot1S8_aweCPa-lNMwpLRN4A13tYVfrS5RTWBtWIAiHZdZc_6mByqvcS8lFSzhhgid29PLiNc4oGOGBIx2S2xYsETdL_On_8zLObg&key=AIzaSyDYOoF-ybVDXPXhmnOq1TChpFQkEgr9meo","https://maps.googleapis.com/maps/api/place/photo?maxwidth=800&photoreference=AcnlKN3HN3SOex28hOMJwR9O_o6KfhQod6jBuLwG3ymKAINN4_mZfwloQ8wYWPSeRab8zjzRkPvdbOhTk9RYa5B5yDrZK655YpwAHSJrwh86DgJ0J4IadQ8hrNKdSWFeOSl1mpnfL_-mu60QMVvHpGEVJuaB5tpBwdXzTceVUbyfy1BL5KyhUvdWeU8eZuUbOxQOAvSZlwLwi42HQWjmeILRqlw9LEjaJo20_WCHDSIhjvrzgLijPjrAu6IZgOIMBKmD03icGKcgzbddwZUayJlGSs4Q2P2ymz4NPFDjSeLU3BI9Ed5-4BpKkF6nScIjgzq9r6TQ-K4F1S-8BhbgTcDlnDZBGyGwBRRfOJvglQYbfqHr-Z0gCmWXXHuBOF4MHsLPhdA5D7UQDPOp-SNrmmq6tvAmXVVaTvFjB_mUH7uvBcbxUr0&key=AIzaSyDYOoF-ybVDXPXhmnOq1TChpFQkEgr9meo","https://maps.googleapis.com/maps/api/place/photo?maxwidth=800&photoreference=AcnlKN3xCqr1l0ge3v-0Vy9yBl7shQUFD1Ag3Bu8hut8Hv-eUjLbbUgv3pXgZF_lah0bJaqrW2D9ukOTEbUsPqOFHW4UhG66xec3za866Q1eFtmv939VKPrmAR9xVDnioh_S-IBw08SJnTb1jW42CWd8y9wEoeHjlDpR3zyxlTJCMLF0BX842VQASrCUj2fgnmbrgQckwmdteQNPNfSPsM1lCwxyM7KgXjSeh-f5oIqczwykbeM3OqWnoMDQ2U-V3IxoXpk6b5I-WBQzqigJxabUqWgwuu106BiecXx_axMZgc_AwJabOnrFPov6rUIHdHUNUHLOUfnKsf96aDJGjDEoveJNrEPNErlMvDNOBAE6mD1-TsSezB_2ssKKALfKiQ2GHgGvR5fx-eLGe7cxU28p8tbBfFGo-cCigvwhBEqIL_ZdDQ&key=AIzaSyDYOoF-ybVDXPXhmnOq1TChpFQkEgr9meo","https://maps.googleapis.com/maps/api/place/photo?maxwidth=800&photoreference=AcnlKN3Ew_mCa_ygudt7T_PAJ258YwbnRTEBf92uxcRQyZaYvtv9fUaHkJyNJlib9BZlYouzg4DiNf4wQK5LySe__nSficpWZknWtE7r5peL-dNchbWRBGDkpOX8Q33JRRd-ej8H8ICNeX3wBM4HsNKlVp8z9gDufvVjAgpy1xqZfdFoqv1mKoFCre9gUK3gSsnSW8HwAowu5P166b5cHD0CqsuBepwLELdJ6MSmNUHJhWMwPsekYZzey7puqXMtqCVWS2VL25GbEOBYCPeo8l1b5NFu84T9MUP7NuzuyVN7risyDKOriOnhKmPcGefTS9hmGs-eQnms86LgJ0c6RUNyhKT1E6piqIXUc4xW7q-1YAKeKPOEoY6R4CfaIeReCXqlujsota1szIYFeZmCC-Z9LCi89j53L9_ahtn-zQ8YytGRCtp5&key=AIzaSyDYOoF-ybVDXPXhmnOq1TChpFQkEgr9meo","https://maps.googleapis.com/maps/api/place/photo?maxwidth=800&photoreference=AcnlKN1RvpTZBT0jzEsYjV3HmD9tE3Cb0b0WCHu1q78EhuFxQom4Rl0OR2CaDgeIBzCvf4CqzHrEhg83Yg-GVuG2NYY83TSYsHdKIn-oMaC0omh1HFBppruUOFjYYj_J-gXFBpkWtm_UKOy1QCMUoTZqw_d6K23ftSNZnAMHAkpik_FSIJoVWwrss5Qyrftadt_JWc8-njBmc7WJk9yPKVrgPvfhh5jZpAIJAzmtI-dS6OtzMcLKeALX8ThqB5DTwD6ITnS5KueeJcTuPiaVZYtYgbjwQWHaZn2prhVOhv-PvIEvYVgWtetnvENSlwbx9EpkoZj6HWzuvXFbyctMOgFfM8owLdfrM3NmIsD6jS-Vwkn3VtkTR99Zfd53FcD6bmLRWR7PodlMuo7hXghpetw9aotoLzO7lH1G8TFwKrrX5-NGgL1H&key=AIzaSyDYOoF-ybVDXPXhmnOq1TChpFQkEgr9meo","38.6100211","-0.0564738","68","⭐ B - Intéressant","25","10","20","9","4"
"carpintero","Carpintera Martinez Garcia","C. Cambroneras, 2, 03340 Albatera, Alicante, España","Albatera","Vega Baja","625 10 37 86","+34 625 10 37 86","5","2","5","https://maps.google.com/?cid=12733747406901129061","ChIJ-1iuDwK9Yw0RZa_k38xbt7A","lunes: 8:00–13:00, 15:00–20:00 | martes: 8:00–13:00, 15:00–20:00 | miércoles: 8:00–13:00, 15:00–20:00 | jueves: 8:00–13:00, 15:00–20:00 | viernes: 8:00–13:00, 15:00–20:00 | sábado: Cerrado | domingo: Cerrado","Tienda","","","","","isabel Riquelme","5","Para mí en particular ,un servicio rápido y de buena calidad ,y la persona super agradable,,os la recomiendo","Pedro Manuel Vicente Serna","5","","","","","","","","","","","https://maps.googleapis.com/maps/api/place/photo?maxwidth=800&photoreference=AcnlKN2RWinsRhajRuh8c7s5yWqp8o1Rnj9f1D2HAidNaCnxA1nRvPNIR9ZtcAIIUcOKldPurP2iIXjNBTSu_3vySil5ifkfzy_ddYqqnrWyDdKohnq1h12TWZ3r5cUKChSTZ7iFJy5t-D6tAVt_8UV_sI0IWjnn7XNoKifMxu5vOstAM7vY5dvimcHx2C6ypEdaOoQVGLBy6bSVW96RKUiOEyLD4MF8jlfD_QRfv8M5AILOG4dGpSzjKiXEqQIzDKmTnjSWTqGSoxXSvqbCTxabyfe2639DleFIo14FPGjQz-vjrtLMVF0sm31d_HwubyJ8Egmxe1fAeShxit3HMX52jRuK_lpYWd_Y8d2XAFxxz6BCje863KE4s9BPhPuLYD9TTw6fwcvABJ4lvtcVh7G_fMzT-RfcZsFMKmYfwtAsfVI&key=AIzaSyDYOoF-ybVDXPXhmnOq1TChpFQkEgr9meo","https://maps.googleapis.com/maps/api/place/photo?maxwidth=800&photoreference=AcnlKN1MBTeSXZ6_Pyxi4Pll1VCPfc4a1ZQxPLtfrLoe6AfxrCnn1i5NLB9z2sejqt6cHoONOTMgsCFpRVsMzU26vFQvxfvBJzmiZfonoGgijpQkTosgYnpVRzRTjUoZHPYDJ_KFPm3ve20AtYb7tmp619x45nClf6xalFUZ01yAav9BtA6FZZznEowPCXni6qyU3y9l-bd7uxXXnfSc_wzr6cYxBMdmsdrsJYKr0Gfdg47BFrEnjhSD3AOno2aeWXX7o7ldoWvpc4M4ImFCHO2S9yDJUt4VBWcOXQ6rkhUyNbnB-NCmAh12v4QuqVfZfhjemT2K1b6-88bDJ8CDUMI4HbUmQIadfB6rPyEghpIHHtCJRcamtClUN8GGbHETGMD1DUXnZ6bsClWYSYigNJ4hjtTTnKEm4wDt1_6epgnMvfw80A&key=AIzaSyDYOoF-ybVDXPXhmnOq1TChpFQkEgr9meo","https://maps.googleapis.com/maps/api/place/photo?maxwidth=800&photoreference=AcnlKN2viqQF6Uq5oCPuQTXWlVHFt3aSGZH5MNV2SV_SpeYFH1FNiXBw18W7E7Hmh-gjSg72yPckNsLV5flQuqbeCXYQBkn6s0Jrct7tNGPCopMolETWbfRV9XhUrjLqWx_8bGZvO-8L8fYf80z7sF7KNho1ShLnf7MEF15PqKwP8JaTjtF-ZnePW_oWnXfLwNBzTHRzo7j3yC0Dsc6nvood_iTUI4_MM0T8rt18YqOcX-_8CZG_y4zOR2vcWaIyqy2lxmwcgTv8HyK0q4GZ3lxFLrTA-6imxsiMnzC6Pj6xIV1KV0tF3KnLKX1KqcHPGNvTxffvOGPL_wfe0_XF78FRu3ZSfwbNn6sv9-nfEviduWJ5liwHm_GxU8KfotMsqyEBMz_kJ7WWn8-LxSxaPxBtFbNsY-4WcPFcfaGoBqrTeSHtj_mp&key=AIzaSyDYOoF-ybVDXPXhmnOq1TChpFQkEgr9meo","https://maps.googleapis.com/maps/api/place/photo?maxwidth=800&photoreference=AcnlKN1cXQpq7Y1IS00gSQBMqKA4D-etMxYKsQDKj27AY8QK03YElKhRXZaT0iIGyh9dp8FnihV6EqguIDebzNU52Cf3dJVHGdZU7xQYlWOSZLSkkuOw493CmiC4cPzbC90u-2p-KheRLB43MYEIYxQWXwp5YNM06o45mosQSuDYkhxnN3UvpAc1HoVE3_twoUaBZrMfnMHp1R2UUh4PUwMYLgpq9h6D-_iz55zQVV-bup0ICmjGRd8F0eJcld5aPoqeHhqxhLvs5UtcKsMPq9Zsno7R2ju7ODskRWjDqyMQt23kSxqYLKtki7R6s7H17kbcmBwpdQkGvXhEklIlawtJ7BxQuwe2n95Npeq77Jg3bL8uU8PAK_r0HbGC6_qHAahp2JU6sBmDyqyoPFlOtc3e_7U6rHalweOPOPnxTiR__CDW8g&key=AIzaSyDYOoF-ybVDXPXhmnOq1TChpFQkEgr9meo","https://maps.googleapis.com/maps/api/place/photo?maxwidth=800&photoreference=AcnlKN0iDVosRoru7cD8KwFpUkEfYn4tnFd2ivzBxxvStcr-3Dhlgm7Fk8NT7_Q1ELoC-P9UFsDNkyKdDOkQJS74YLAXnAjhNjDQBfaqcNQLnNrtgevu9rSdAWy9W2n48VYrzspxgCQ1XNYoDWDl6RXma4Ti5R5wlQIw8w6gSqbw3552uMuBasAkgowYnIJZpUMDA4wpRN1-8TVaR9KF930bbyaZj_i0VaRYJUp4a4Y7_DdxpgpY-jdwGSGruZLc_f3F2NFIeQbNS8sIzt-vYP2evfCdAY6xA4wx0NIxDcTfLHpJ1l1xH6YAGVVzPDVeTQhBKGpduaYn9obO4zPyl4sfkOA2tRuyoKasC_-4tJZ_qEBaDQWab4Ag5N82VGlLGHPySfgnf2njNizxDly5BXtyuM_jnRdNI_PHVFBr4ayKvCUq_4ec&key=AIzaSyDYOoF-ybVDXPXhmnOq1TChpFQkEgr9meo","38.180746","-0.8680582","62","⭐ B - Intéressant","30","5","20","3","4"
"carpintero","El pájaro carpintero","Av. la Constitución, n21, 03668 Algueña, Alicante, España","Algueña","Vinalopó Mitjà","681 31 53 86","+34 681 31 53 86","5","2","5","https://maps.google.com/?cid=4321655515415960137","ChIJKW0TBXTtYw0RSdr5Tcua-Ts","lunes: Cerrado | martes: 9:30–20:30 | miércoles: 9:30–20:30 | jueves: 9:30–20:30 | viernes: 9:30–20:30 | sábado: 9:30–14:00 | domingo: 9:30–14:00","Tienda","","","","","Manuel Ferez","5","","Carl De Rouck","5","","","","","","","","","","","https://maps.googleapis.com/maps/api/place/photo?maxwidth=800&photoreference=AcnlKN2ZC2XK1ltCE57BOPzMVcMpgBgdehClb0PLEr6VqlPkRIxgHCpuziy9ZWxKW-GhHeNUBpIEWfMvlgnMnnP86jGdRzQ0huN-eW0qWbXBeS-Yd7GztrDvZLlcMPBtbglsFoTPNV4sd1DJ-mLfFIuBKpmkY5FVnfohpOmAIgwbx4LU8t-v_CHf8jIQj_sxcD8Kxot27iSkQrAQ6dIfY6qNdi6U9leZWDwsCnsIBkJ36q1Zu86gKMMkjk6l6nHk_erlR6N49Befrg4hHPo6NiWAcQ1JT26fkhw2fVIvy33mL7CKwQ&key=AIzaSyDYOoF-ybVDXPXhmnOq1TChpFQkEgr9meo","https://maps.googleapis.com/maps/api/place/photo?maxwidth=800&photoreference=AcnlKN2U20SH__WCh_rewzqzM_V0UZjzxnzfus6Sd-GUF93EoJGRIx_ifQBJ2_TQzSiU1AG3v13eNQ_pamanvsGDfdRhXzEXkxfpF32kSOfZCtgzsKFdtDj8bN69Kifd1SyHLFDJQyigjtp-YTV81s6VV3jUcQtiCbR6CgObD1rIa-AQLdv04I0nZPk-5ZKHs4csvgKOviD5-LfQbywBnNhVaQ2jdIeu2xK0KKvIWcP_ezDuBJLBsBQ5bXurx55dPx5Vv9iCNMcCdhjSrsbRJ1N2BiJ7DOIJer-oKrwFQTWk5UFpZw&key=AIzaSyDYOoF-ybVDXPXhmnOq1TChpFQkEgr9meo","https://maps.googleapis.com/maps/api/place/photo?maxwidth=800&photoreference=AcnlKN2e7-T3ywBjQkfVWNz1kRNb4Umn05FLPd-yo2ssllQwjyhybq5Gk8n0iaMW5kDfMS22USOYLAMJCmYXdmLt516Lp_Zxbn_-_wIAbfWlUOAFM-Ld4_3wf34umREDUjt03Z1PTWf_zwUjmoJXR17-u5M4yBcVjqCpZe9WWj6Zs1yAzEmm7QsTu3pL14WLVbRGOkOJJmQVEk1qi8hUYD6cnihpoeNmY_1PKab-otLqOWqDCIK4qTuiVHB5Jo_K3tE_VTLNjX69g3dv1rUh2H4bsvkr3C06LUBCSZQKCclvZstL4Q&key=AIzaSyDYOoF-ybVDXPXhmnOq1TChpFQkEgr9meo","https://maps.googleapis.com/maps/api/place/photo?maxwidth=800&photoreference=AcnlKN0tPLiut_fjPBS003T21JtJLXnSIC8PpHwgeTvcGnmvRWfrph3wCmWwpGBncUSIBj6ym83gCd7G0060M8HWPGKGIi1v3HdAUs8ehRnH3d0hsR64vU4aXvVO2EsuPS6aVbP-Ep0LUXKNO5WE6nKS_oSCu8vYE4yLzoLbTohZN7Id3ptzC24QPMfO0pMDYcVZcblB0RnEIPbktJfbChlJFQugxEE4VwmBfg4KfqZCzBskXUYnkbvTXX14COAk_vwrjIcW_57ZIoWDwfQ3jt_RB0dC0jJ7jecFs6xRBCvE96ghCA&key=AIzaSyDYOoF-ybVDXPXhmnOq1TChpFQkEgr9meo","https://maps.googleapis.com/maps/api/place/photo?maxwidth=800&photoreference=AcnlKN1RyBYNUZURxQAlKIdsMCrYPyRqt5xNph-6johhiHKhIUXMEVZ1z9Jgpt_lxRQPzr-24-U7p9KL_d7E9cgdwHoQmnhk6V6cxT2ITgamrcmGcuOOrA1iesNtJ5VjG-Kh9ElZ6Dh3FT9uFMEnfBDhfiQ77MkLdDOlmYSubp4wri73L7vBYWdHYO3rdLGHJEHxaoACYiMCbe7S1UhyYiCOd0TLANDurLR9NEbn5EbB9fUQ4xtMe3vc6uw14jsXxKDQPvu3hzRtgucV_4z_-nm49oennMTFaOG2T13F-L2LztyRYA&key=AIzaSyDYOoF-ybVDXPXhmnOq1TChpFQkEgr9meo","38.3397037","-1.0069614","59","⭐ B - Intéressant","30","5","20","0","4"
"carpintero","Andrés Martín carpintería metalica","Av. del Trenc d'Alba, 46, bajo, 03730 Jávea, Alicante, España","Jávea","Marina Alta","651 89 15 67","+34 651 89 15 67","0","0","5","https://maps.google.com/?cid=6876624252351269864","ChIJDzajwR8PnhIR6Ms711Ktbl8","lunes: 7:30–15:30 | martes: 7:30–15:30 | miércoles: 7:30–15:30 | jueves: 7:30–15:30 | viernes: 7:30–15:00 | sábado: Cerrado | domingo: Cerrado","Tienda","","","","","","","","","","","","","","","","","","","","https://maps.googleapis.com/maps/api/place/photo?maxwidth=800&photoreference=AcnlKN3qowB9Pcj1XHGXHNduNJigZ9iwDCO1K7HggZA5bs16E19xNdHlMrsrVp1JnK2FY7RpOVdC_smSCB3gepX53qsKEGnUmIYp0X5GjJvP-tv4e0iyZoIxo7qq1hONHYwdePN2kvdqp5p-EPjAEgfujrVDcVSo6rVdpgfS2BhSQ8vlKCCQGZZr_2V23t2xWhKtFQ_7_HQSeTAzQiyg5oeebZuMOZ6vnzLKUa1hDzaSQqXmds3H2YswvTGwXV67QqG11Z_Na9u35tZUgpVkT904T0AH7gy5ZnNuxKT8E_rekd3Ejw&key=AIzaSyDYOoF-ybVDXPXhmnOq1TChpFQkEgr9meo","https://maps.googleapis.com/maps/api/place/photo?maxwidth=800&photoreference=AcnlKN0dfugssHKk9dmY0dNQwIpuLZ0-8jhg39VRHw8bmbX7mR2T_jlau5jQWeOGVsEQbIu9h5-qbJm_3By2Aa_TMhznNQnkHbTOFS69KllLe2XjuYpeYydjhml09eJiG129jIVODrXIA-u2nDsYzrUekcOPvTxg1oWpTJ9a61hHAtfM1cawzOHcjJLVMBcAo5otlsW9wBGjdgzwYvuGpc2ecr15oopypHcWvY6xsCoZfqG5aXakRZZmwRm_nOkSOJMoILlNAgjUPDEsrjHAmCVo9v4HVpKsmB6bWH2_Q558AfKD0Q&key=AIzaSyDYOoF-ybVDXPXhmnOq1TChpFQkEgr9meo","https://maps.googleapis.com/maps/api/place/photo?maxwidth=800&photoreference=AcnlKN3BU_WF3FyhdCd6Sutzl4UN1phY80n53BXNz-7Dv-tryyd-z1wGeGUmBZ4NKYGaOdASuNamIryJSgPaMZKPpzgWuETcKFBU2g6l-iNFk8LlskBQXnuZ0gVLF1QJ8NDrLSSk5nqoCa0nBEHXU6YSG90xaKNBdhWxePV1FWMrPPh-TTuGySyZeVNZ2HUNp9upwnnHvOlgJP9wQg10he5AoVRhkh2Y7kaMhAvJS2XPM2Lj60M9rBSS0YWwRo9A-yAsu5w3OPwBkKwZXcOFlNWqghV1DrxBJtYbM02RqhUN8QkvZA&key=AIzaSyDYOoF-ybVDXPXhmnOq1TChpFQkEgr9meo","https://maps.googleapis.com/maps/api/place/photo?maxwidth=800&photoreference=AcnlKN0w7Y6SELQVv0ffsKXDx8X-YH9EvfldfiT-XR2ghluaFVpFPTmFCsUToGU8zJg0W3anMhWR2MpmTLCSqP5xYULM7y8IdzfSsGnYCu0H5qnrGkzpBPbCUvFnEHSIu4WWd-tdvJeuimi3J25cxjJuYLltClm_MWR0Jfo0L31hvJpu7BQ3htEjqVCuzzIbqWZXbAZ7Nq3aKs0bQKr8yi_Ua2A6Y90WkrUPQomblaPWENHZSQD-NDrX7bxc1W9MUKaxll6C9lvQdb9S6mtG2-ze-F7ogmspv9SAko038iRzU_ym2g&key=AIzaSyDYOoF-ybVDXPXhmnOq1TChpFQkEgr9meo","https://maps.googleapis.com/maps/api/place/photo?maxwidth=800&photoreference=AcnlKN0xM5eFzSm_xOIBqhsryNRmZDm6KLyI536uoSP3ImT3rsxUdEK6t1mq5dv9CODlmM9Bik_bCYFjU9omkeZJUPtcbstwjRwgvxSyubhs5y3iDu3k48-DSTektK7oKD4YOzG3GxPpHESDJndnGJ1NQ5yS_er_TdiWgS_aSfzid87xGuNhKkpLm1WiSmwH9X8V_JLCnt5NgxH_F7cljiJ3EpBNh6qW4YLD-9MPcC0pmjh5EeFU1A5cVEAjBLNMRHlJe2N-VuHyCk_qBBY_8zP2tOuzf8IvV8GL7jkVWXB1vxlcJg&key=AIzaSyDYOoF-ybVDXPXhmnOq1TChpFQkEgr9meo","38.789605","0.1724708","24","⏳ D - Faible","0","0","20","0","4"
"dentista","bar la rata cellarda","Carrer San José, 9, 03460 Beneixama, Alicante, España","Beneixama","Alt Vinalopó","645 79 31 95","+34 645 79 31 95","4.8","223","5","https://maps.google.com/?cid=14367621110166219846","ChIJq17xZndjYQ0RRmzc2kYLZMc","lunes: Cerrado | martes: Cerrado | miércoles: Cerrado | jueves: 13:00–16:00, 20:00–24:00 | viernes: 13:00–16:30, 20:00–0:30 | sábado: 13:00–17:00, 20:00–0:30 | domingo: 13:00–17:00","Bar","","","","","Alvaro Bernabeu","5","Espectacular. El servicio, la atención y la comida. Recomendado probar el arroz con bogabante. Repetiremos","Luis Sanchez","5","Todo un hallazgo gastronómico donde dar rienda suelta a tus papilas gustativas, con un servicio muy profesional. Una cuidada combinación de sabores con un toque particular donde puedes distinguir cada especia en su justa medida para dar placer a tu paladar de una forma singular y creativa a la vez. Todos muy atentos, camareros y cocina un diez para ellos","Enrique Carbonell","5","Hicimos reserva telefónicamente. Tapas típicas y muy ricas, que fue la opción que elegimos para comer. Buena carta de platos . Servicio excelente.","Tomas Sempere Pastor","5","La cena excelente en especial las manos de cerdo, 😋 lo recomiendo al 100% recomiendo que se reserve  mesa ya que solo abre jueves viernes sábado y domingo","estefania sanz","5","Este restaurante es una joya escondida. La atención al detalle es evidente en cada aspecto, desde la presentación de los platos hasta el servicio excepcional. Todo lo que probamos nos gusto muchísimo pero recomiendo pedir las manitas de cerdo y la ensaladilla de bacalao. Parada obligatoria si estáis por la zona!!","https://maps.googleapis.com/maps/api/place/photo?maxwidth=800&photoreference=AcnlKN0jxYsOgD1tawxHSFijUfoG6wKuptwoDXO9hVGYNVVP5dQww9WCdXqF5c6YPKqdVK44yg-oRWNXJYcDWaDXRd1bAf2unWQukc8WAAuLEMroPHpUO7BvBY452dKJbKdFWPxmnn2L5vychvDLBrH-bBQQtdaEYPfURzdpLriJ5yz1zjFNf44OGsIQQ6HMQDhjhXfP80IeEXH2UJrHP-nPISwKSc1qXEw6qC_XqZfttXbcfyDnu_dFUsPHuuYmHo-4YojozolBWpsdWV7BUdLbQNuXA1tgrvqVjsDyEWmhJzbTvA&key=AIzaSyDYOoF-ybVDXPXhmnOq1TChpFQkEgr9meo","https://maps.googleapis.com/maps/api/place/photo?maxwidth=800&photoreference=AcnlKN1tfQofJnDSGHKc4DlilhHYU_zykcgkj1Nci1mXYlo0WucmnYNzT7hSdC5asKYYjyY-sv9aCUcR6Pd032_RIh2s_qi7EXstTW8ZEB6YsX-lm_ujyG-iK4-icSGgURt7cFNz9Z2bbBbFhkY19nlQS0EVF22Ci0Evjt_pkOzJs2pbLHu8y1RwbwXlB_sJkJ_RK_0cYCZz5hYwX3nVpp3TeMQn36aBGOHb61LfF2St7GJ9sDlL7i3ufZMptJ1wUeidnsvXyZkKWKrKklx2LDqwESLKgmZts01F2PG4aH1ekF9KAA&key=AIzaSyDYOoF-ybVDXPXhmnOq1TChpFQkEgr9meo","https://maps.googleapis.com/maps/api/place/photo?maxwidth=800&photoreference=AcnlKN2Q-4anyd0Uxxpcqm9-JYklOfQP80-NSf-RtCsss_kl9ccnUUcSckMEhc8bn0vd304XIEZ8Rz3j9z-z7YqEPu8v_1gERC9c7u9zt5uUrDgtn-K-CHyqPuh3zF1of-lT7ype8lN4BhHCB7r1k1REYqhIQ5oKdweYS-HNBsknbg_x691uORSBGxNPSGqr6AiPwmtMQz02k4Wl55qfnx2gWYk5lEU8jS-MWS-TRCny9ed3AVtrpELUI1ZEOztyAaDBPl-gan0Smugm-DG7XO8eiLYj86AEUMra56amuANPO4dc4w&key=AIzaSyDYOoF-ybVDXPXhmnOq1TChpFQkEgr9meo","https://maps.googleapis.com/maps/api/place/photo?maxwidth=800&photoreference=AcnlKN37OReKJe7sQtDiKqPn-6oJj5bJKi2rqywHpoGuHV9YtDrXa_6k4iD7g3FyePachSvqqoo7znBK4Ytlk4ZFKnN77v9YdQxEOxU9bBbpUtB5n1hH-es5PIuZnxyGGgsphjwnsLDhaDN0JYeDo3ee7t3jrzQy5-jqF1LnwwcggPOWSkq_Sp7AcKN1-D7R_uZQT_GVVD8y6Sn8UczSXWkgEEpsH2qV0rCbnjO6GzGgNe8UABXTbFZGH-phJUIgWFzzK9kTDHCdnnFkEn8tGoNgLTV6HLU0h677tCoTIplIqjoCew&key=AIzaSyDYOoF-ybVDXPXhmnOq1TChpFQkEgr9meo","https://maps.googleapis.com/maps/api/place/photo?maxwidth=800&photoreference=AcnlKN12Daxwkp_gCfR1_3N0aUWhJ5mUieFZkyK0S-W16ncvmm67zWlLjJyEZ0Fkq-yFCuJYTwBWVq-f6oMIoYCv7eq2Ief-goSqMlrUiP_xutMYS8pqM5j9RAVCRwBJknadQRF3tGhIptY_G_ffwziAqc-tTQyehAJzrnKV9mKecFxdKE9h-O0t0VKn2LAFnKZVWBhiQTCq6JVJfAIPdrqa7061t2Dg8JhR-bh6k2dehFKWiJ-MK9k4TddcKpAlFE3qcz1ZdqJdEE-3OIWTHeORgS-sM0Fu2hEYG4QEi2fIE-meYQ&key=AIzaSyDYOoF-ybVDXPXhmnOq1TChpFQkEgr9meo","38.7005082","-0.7655466","94","🔥 A - Prioritaire","30","25","20","15","4"
"dentista","Rubén Verdú Peluqueros","Pl. de la Concordia, 22, 03668 Algueña, Alicante, España","Algueña","Vinalopó Mitjà","619 02 71 10","+34 619 02 71 10","4.9","46","2","https://maps.google.com/?cid=1651862226736621749","ChIJq-t5nezsYw0RtaiFevGX7BY","lunes: Cerrado | martes: 9:00–14:00, 16:00–20:30 | miércoles: 9:00–14:00, 16:00–20:30 | jueves: 9:00–14:00, 16:00–20:30 | viernes: 9:00–14:00, 16:00–20:30 | sábado: 9:00–14:00 | domingo: Cerrado","Salón de belleza","Peluquería","","","","Ramon Jesus Gonzalez Vicente","5","Fuimos mi madre y yo , el servicio que nos dieron fue de lo más cercano. Salimos los dos super contentos. Volveremos","Tania Rubio","5","Profesional, cercano, encantador. Experto en corte de pelo rizado y color. Muchas gracias","reinier brinkman","5","Super amable este peluquero. Calidadad y precio perfecto. Un profecional","Bernardino roca de togores","5","Un gran profesional, atento y un servicio impecable.","Ramón Garcia Perez","5","Muy buen trato y gran peluquero.","https://maps.googleapis.com/maps/api/place/photo?maxwidth=800&photoreference=AcnlKN3Dsjmx7YByDsb0Dstz1rnBa-Cy9NPvx_XwGU_qQXxZbq9CHhUmPQfMWcQXtpI1nMiaM2aZ2BX4YA2lj8kU1fA-o6mC9ZN7gLnbtQ2mLUm7KNMvMH4BxhN05W7hK8uelrJjtLafHGXjrgBWpJUs3DO94aXyoqju-6dP3EKqJaadD-rmmLlV60ctLgtEn-SpMZ-uCTc8MgksLBzhnxD1fewhA2K0MKEpKmaH_K3bFsH6DErMuQKEo0tfZJWA1vuI1wbJjQs43TtC4mWJWxdwUJ52uSsHyi-gk83Wud6SIMFtPQ&key=AIzaSyDYOoF-ybVDXPXhmnOq1TChpFQkEgr9meo","https://maps.googleapis.com/maps/api/place/photo?maxwidth=800&photoreference=AcnlKN3O2skYDlUwtAPwXzDkrAegu9Ud0T3lfGuJlUiAIUpuL3Vh5ZGw_AOR-WcuJLIzHjFNZYuBwf_nyQYgLkQD7u-TOCFsaRDgTQNHAtRAZlncnW9whgm7P674yJACLpuBnAguT1EhGar8Ws0qG3VZ5SlfapMB4WqJFKIupaqKQEFOHk0Jkeo4i-B-t7EXe7bi_WaFdIbCvUWmKVmK-go6KCwCrDjw43qPOrsbVdPzN08Q_3zvwu4RpuGlaCkvcNOMyJmVOQGe0AoddK-F30Za2TrNGqAruCnS5KN4IvKqCEUGeA&key=AIzaSyDYOoF-ybVDXPXhmnOq1TChpFQkEgr9meo","","","","38.338663","-1.003042","82","🔥 A - Prioritaire","30","22","8","15","7"
"dentista","Judit Domingo Centre d’Estètica","C. Ruperto Chapí, 3, local 3, 03688 Hondón de las Nieves, Alicante, España","Hondón de las Nieves","Vinalopó Mitjà","626 07 31 02","+34 626 07 31 02","4.9","8","5","https://maps.google.com/?cid=14117654360610915661","ChIJ5y6hpNa_Yw0RTUX1qdf768M","lunes: Cerrado | martes: 10:00–14:00, 15:30–19:30 | miércoles: 10:00–14:00, 15:30–19:30 | jueves: 10:00–14:00, 15:30–19:30 | viernes: 10:00–14:00, 15:30–19:00 | sábado: Cerrado | domingo: Cerrado","Salón de belleza","","","","","Paz","5","Judit es un encanto y muy buena profesional. ES UN CENTRO DE ESTÉTICA. TRATAMIENTOS FACIALES, ETC. NO UNA PELUQUERIA","RAQUEL EGEA ORTIZ","5","","Edina Hakze","5","","Adrian Lozano","5","","Marina Van Drom","4","","https://maps.googleapis.com/maps/api/place/photo?maxwidth=800&photoreference=AcnlKN3AOgjnpQ612n68KDuPy-p36g3-54bbxz0VQVJPe6jKNFeDLiuffXeFud4qGOfcvRNKH28jHK6KNuza3DKS7UWq6WryVWDPWDbTRT3xIH_89yrSI-OEnxzEcH_KzuGkjtg-GlmPUhBvlfjef0Lx6qUCfzolH4GbX4f5NUET3_AtkDrHp5pKuukUOnFp8TlkXCYyo18TL1r6zAY9xFP5_NiMmkUrwVbrUk9qyxBUln6HIzWY5MSCukoNf96nMQasoHHE-XEs4-iQFJwV1KTwR9wpgGymbMuzUY6LPJ7Qy8zc7Q&key=AIzaSyDYOoF-ybVDXPXhmnOq1TChpFQkEgr9meo","https://maps.googleapis.com/maps/api/place/photo?maxwidth=800&photoreference=AcnlKN1G7Idu85NhmR2VJDo4tInkWRn1Q2T8Fs7FwfeFBfsSOihfk2mnqqM1ha8rs1GZPtg_MfqyAPgOf5b2QCIXZwtZT_Pb62A7J0nh4pk-ttlFVQRsW9p5Os3gptM_YB9H_1DNs1Dx0rte7Qwa8_Vhcj1zsY3z4R850l0r2MKjnMCbnQ0341suV_OfPuKBsMyPf_LMrh_96WrziuD4eJqEBd8upXZfXKYyvfeyW5ltmzwoXW3zh6V8muvaKCrFAGq3Qlz3ws8lo9p-niCfZfMeYu-G5NKuU9KNbTj08bS-1ZHDsQ&key=AIzaSyDYOoF-ybVDXPXhmnOq1TChpFQkEgr9meo","https://maps.googleapis.com/maps/api/place/photo?maxwidth=800&photoreference=AcnlKN1kEkiy-xX3_yS2HhnDL7fseE2uaZkfVo9cJN0eeRyyFoW7YkNDQD2pb83aBpOdjp0yMn8ACa_9Cj10yI1ICCasMXKwx1ecUsrx_8aa2rk06P2RYqq5lp6i-iTcc8FCTWa_P5q0_DQVyzG4gw6zjOaypUA0UJpo0MvsIY97eTdkAYcdTkEY5hdIoFTdhRFtpb2xWiJ_erJWOjzuibtM7RA4wBikn8BqEXgtgCPZ_Js0NmmIvDv3wFcMeKTHKCC3WNkzBmHPwEKCypzyISO7ouvy5beh9alvgdhGhXGNnJSzoQ&key=AIzaSyDYOoF-ybVDXPXhmnOq1TChpFQkEgr9meo","https://maps.googleapis.com/maps/api/place/photo?maxwidth=800&photoreference=AcnlKN18ZapcMpofENR2D46MofRm_vQXGpeRc9Toj-1PPW0Tr2SZaB4J6bly7IvthqP8GQX0dvCUii7-hyIEtFQgwNu56XmeFpjC9UrmyovXpPwRh0jiLTIq3Dgm6UxqN3X339x6umZnrhG0rhSCkzc4VViCcjm8HvJ0U8inbPdN6gY36kfUZkj6LCj5xGeErFDI2oL0pTY2-mPenL7tuOBA9GGJCVQjAt_1djTDIjPQJTFQDN7sU08iLAxXeHvwqVt-CKPaqS4bFI6l58IOeCGdg_Ztj0f5rwSyIlbSjgyZC7LpNA&key=AIzaSyDYOoF-ybVDXPXhmnOq1TChpFQkEgr9meo","https://maps.googleapis.com/maps/api/place/photo?maxwidth=800&photoreference=AcnlKN2qS4p-GYM-paJtEnji4DsMSrc8FwXYIF3V5BKu5yI4WDT0h6CvevZxkjg1hSt1wyqfasOTQmksFlnKHH-Hvur10YOALUFvTjhLQibEmBoykC_Z-wBOgsh84YFTKK9nexvDTNL5yX3_XyUBzGhtmFYG2J4vcB2AD2FeZKtJ6xOnj4wOkPXanEGA-gDyCp8Mnn7miWIobI7So_W9QtZtjPumpuYAAqXhX8lcJMbXmZVN2tvTOyLbGJ6z1u4KDz6i7MFkyX394SlyaGZNyM-JNBXnTVtATVWCODT28q88ohJ3JA&key=AIzaSyDYOoF-ybVDXPXhmnOq1TChpFQkEgr9meo","38.307383","-0.8490979999999999","67","⭐ B - Intéressant","30","10","20","3","4"
"dentista","Biblioteca Municipal de Beniarbeig","Plaça 9 de octubre, 2, 03778 Beniarbeig, Alicante, España","Beniarbeig","Marina Alta","669 97 97 05","+34 669 97 97 05","5","5","4","https://maps.google.com/?cid=2565014659201331297","ChIJwaKXSxr9YQ0RYXBdFT7DmCM","lunes: 15:30–19:30 | martes: 15:30–19:30 | miércoles: 15:30–19:30 | jueves: 15:30–19:30 | viernes: 10:00–14:00 | sábado: Cerrado | domingo: Cerrado","Library","","","","","Carmen LB","5","Pau el mejor,bibliotecario","Francesc","5","","Alex & Adam Radford","5","","Irina Kul","5","","Simon Company Mengual","5","","https://maps.googleapis.com/maps/api/place/photo?maxwidth=800&photoreference=AcnlKN1p2XGbDdCCz-QzQCRy6e8VhXBOa3CEgltButjk4q-yax5EclzTbxVIOC7M5k-ZE_ECHAGi6WLadkHmIgZKBJ9Uv4OXSGQYPbXX2RZL3R1JCYn4j0eXeuKjGbFYNylTzzlf4t2zyWp_SW2pbOJnCQXnHD61Dl80fzuAANADffSh0yOyEWabkMd7UHTVPHdIg0SveiZBiMswJPHAsoLcwXmKOAFBVkUjSsWAe695ENC9mEZmOo-_ap5BYWPyaYsiEMSiG0ApmGlu9DOoQMxwTGWLVXExKowOAlF_cX98N44a_Q&key=AIzaSyDYOoF-ybVDXPXhmnOq1TChpFQkEgr9meo","https://maps.googleapis.com/maps/api/place/photo?maxwidth=800&photoreference=AcnlKN2ar5zj1zZqm7CY5FX7sSW0Ts7FuDE3u_h-_coD0VCQcS-M90V_xaRgJW-arzE7lfxi43PyrcLe4VZkw7YvfE20MDELQsPHtF1q34nLQjnGXhCKWyOxd8pDTYedprkWpQJgT_yAQyEu9SOeQRQzAYmqV2wFZBkfzDcDw7Bj2ADRyJCuSReHMKvVxaq58vLmkqjQ-amcgL0Yi3CakWV2bcTZo1GojdVP4JlHfGarHHGEvO73JgLHqT1-ebwxWNm6naaAjyr_DqS6EljiGhyX3ZEhK1zNfGR9HAbwC5UbJO9-dJlOMmxBK52nkqW4S_coEluAMkvlrOpcOa6fSWNOrDCjGsnbscYGJYxyQ_HOzsDvpiT5VQJcpOoYqPSVkZCFnPnSNjrQPZs9YCwkFqCMnHbGnopzdjmj8NehL78xKsenUQ&key=AIzaSyDYOoF-ybVDXPXhmnOq1TChpFQkEgr9meo","https://maps.googleapis.com/maps/api/place/photo?maxwidth=800&photoreference=AcnlKN0VsyX1RMzXTI6cAEELIlBCF8IW04vqs6F0KcZ8i99AAtpvk6lkfGJKVaPIDPxCCP62kdyWrQbAWKirH1aGT5yOiy53KjoCzyt1nUhKcBR3uJ4Iih0YxIpJqbFi1r52qV84QOOFOJ7GuyUs82EJUF9I2RouOBswgBs0aSGFxsmAt4bOPqF23hhsgjTcA7qKyI13YD7cnyRD983AbJ646xz4YYJJWOZUNBkM-WPyG7sm21aOeNHnawKA3Q0qypLg2V46sXkRy7rjEUtjllhOy6IvCf9vI5ltvgbjqC3V7thHihiEgl7sPuNtR1w71h27Nd_6cFsQzivLkIfwEyq5NByT41IqL4eHrmxHHWVN_IEWeCV3rpegQKZzEijnCCTSI2DPptLVeIXHcm-kybbXA1VyCvRSlsCLeSrYzjnQO4jmnA&key=AIzaSyDYOoF-ybVDXPXhmnOq1TChpFQkEgr9meo","https://maps.googleapis.com/maps/api/place/photo?maxwidth=800&photoreference=AcnlKN25IoSUhEEngUNPN4T1QAGv8lncTdIVdW6uTrcEpw_IMJSLjsf3I9atqx9WIO9OhetUSHZRws2jOO0TaLVuOtNQ9MUOx0JI5mPLTrssz00luabMI8viGhUG9dR8_A7uUQbJVtmpgXOpy5lX7e1xgkaRoY4UOXH_p6wogsISU7zNX5GZOEwz_KToJeikyXMCpG4j8axKFZswjf-fdWr7hAYDRFj8LXpbM2Qfmgm7qXXkiNnIUrpj92dOSkWvPsj2_i1g4C4E1a_0QwJiAOsusDc7AEVDJiu8i-tMqfvKjEgcDg&key=AIzaSyDYOoF-ybVDXPXhmnOq1TChpFQkEgr9meo","","38.8221821","-0.0016995","62","⭐ B - Intéressant","30","10","15","3","4"
"dentista","Estética Silvia Beneixama","Carrer Otilia Sales, 7, 03460 Beneixama, Alicante, España","Beneixama","Alt Vinalopó","652 85 97 07","+34 652 85 97 07","0","0","4","https://maps.google.com/?cid=7832658795562796612","ChIJmYfPgSNjYQ0RRAZc5Kwxs2w","lunes: 10:00–13:00, 16:00–20:00 | martes: 10:00–13:00, 16:00–20:00 | miércoles: 10:00–13:00, 16:00–20:00 | jueves: 10:00–13:00, 16:00–20:00 | viernes: 10:00–13:00, 16:00–20:00 | sábado: Cerrado | domingo: Cerrado","Salón de belleza","Peluquería","Salud","","","","","","","","","","","","","","","","","","https://maps.googleapis.com/maps/api/place/photo?maxwidth=800&photoreference=AcnlKN3E9V71mj6Uyf7oTJsL7GRbbXKAPMauTnHJ-tlem7PJDvwBzsfRHn8Kla7DpleFTP8wX0QEUVpwGJqKxLCyKG5IhsLEccEfD_QK5YqSMp1FGw5bM5geZrCrmA8QgaF7axNnPp8thI1z9DVupqqiEWbUUBIjk7r0DfN4i2JjW1kpnWMhZqBytN3jBfD3jA86YsIWQhOp1llvDqVec34V8Laxe2Pi9txaraSuEwDRjQsSEYY2cXqxPikKzt59L0Fqqe8rTQKqBAGkfaT6uFcuwuFRAS_lidsDdbg-6hqRluL8ag&key=AIzaSyDYOoF-ybVDXPXhmnOq1TChpFQkEgr9meo","https://maps.googleapis.com/maps/api/place/photo?maxwidth=800&photoreference=AcnlKN3iwtPQY51YYWN2kc68P8K-arwUiN4Njx6ayt-H7r3SRSH5gAglmw4q7Jp6omWu47lE08hxMkYKBnxD5BtLcXBCEWO2Y8X9yCp9agUYhMbcRtjHbmAUNtOAKmjuBIAbMBKTKgfSkLNJOW2XOTPrnRDGLQ2xCMvjWqHY2Gtja6FBgxy5N-xE7VhPe4WJbCZNLAgz9BzIIBYbWpRX0Gnn7b_NmJ5YJ0v1iWw1oI7keOtnX1Esf458CdYnVvc4ybXsA2cW85F7adUhyNyPigs3ovWu9qf7iAZmG_Gp4H7iv_5qBg&key=AIzaSyDYOoF-ybVDXPXhmnOq1TChpFQkEgr9meo","https://maps.googleapis.com/maps/api/place/photo?maxwidth=800&photoreference=AcnlKN1WDkLsRnKL4qSSzAL-044YM60FK2GGSBy8NlJgYs7XJN6hV3-EQq9_Lno-bNNpm8WpDJKHPyIiYXQfiGiNzO3qw3s8kOR5ddAPLMWsbIU15WU7b2kjaF93KEgZpdVKYaFhrT7o-CroE5-x0cRtGhbw2Zg3MJ-Ph-BbvVkjCGkV_BQdkdG42TT572uTjnsXMKElT9ikhGdcwvvGe9bIbIk0E2ek8gxkdxZU3edXHjP1mHV8DE4ZYHUKTtMpoSQtM0TjRn4zJcICWogl5zxLp5vZcqlBcyxpsxz2v20VewKdNQ&key=AIzaSyDYOoF-ybVDXPXhmnOq1TChpFQkEgr9meo","https://maps.googleapis.com/maps/api/place/photo?maxwidth=800&photoreference=AcnlKN31JyahVTgMggTkK8THeFJahgsVPt412WTUeIsFgxcd1Y7XqhAr4few-yTFRpVjTr96EdQyEJEGGHQIkjs3GWuD1c2t0SaiNVoAMGHAPRU1O7RvN6EPdi0DWcvuoT-AOAu9Z9Oo1Jp_F1NzohRdK7IWYTPiqvh_Ae5yVl2vP8Q6BUjyG_c50auXfHQjMRLWT50IKRINfPssqLd_RpSQQR3F_4zauf_mgvO6wKUu4iBtszktnby9zbF0WnBEM_ktWHNNbGpLpMmb-_rtuhT1PCrE3vdbAyroOy3c92Psd1rXlw&key=AIzaSyDYOoF-ybVDXPXhmnOq1TChpFQkEgr9meo","","38.7002417","-0.7677288","25","⏳ D - Faible","0","0","15","0","10"
"electricista","Sergio Garmendia Espinosa","C. Alicante, 42, 03160 Almoradí, Alicante, España","Almoradí","Vega Baja","679 33 44 82","+34 679 33 44 82","4.9","83","5","https://maps.google.com/?cid=9901450476957718712","ChIJL94aIoWlYw0RuNgvqL8EaYk","lunes: 7:00–18:00 | martes: 7:00–18:00 | miércoles: 7:00–18:00 | jueves: 7:00–18:00 | viernes: 7:00–18:00 | sábado: Cerrado | domingo: Cerrado","Tienda","","","","","Georgi Yordanov","5","Un 1000% profesional. Lo recomiendo a ellos que tengan alguna duda en otras empresas similares,como la tenía yo. Las difercias es, que mientra los demás te mandan y explican todo por  teléfono, el queda contigo y viene hacer la visita en casa antes de hacer cualquier trabajo y te lo explica en la cara. Es decir profesionalida total como debe de ser. Para mi fue su palabra honesta, que vale más de mil explicaciones. Dicho y echo. Repito otra vez se recomienda a 1000 %.","Pedro Terrés Rodriguez","5","Todo un profesional del sector ,le pedí  presupuesto de un aparato  y vino enseguida a tomar medidas y nos paso el precio que fue muy correcto, viendo  lo rápido y bien  instalado que lo dejaron. Mi hijo  está muy contento ya que nos  aconsejo en instalar  este modelo  y funciona de maravilla. Muchas gracias, si necesitamos algo más  seguro que contaremos con el...","Veselka Kyuranova","5","Si pudiera dar más estrellas, les daría cien. Una empresa muy competente que hace su trabajo con profesionalidad. Estoy muy satisfecho con ellos. Les agradezco de corazón y los recomiendo a cualquiera que los necesite, porque son buenos en lo que hacen y, lo más importante, los precios son buenos, no mienten y son correctos.","Mercedes Molina Pérez","5","Contactamos con él por las reseñas que leímos por aquí y tengo que decir que se quedan cortas. Es un gran profesional que te aconseja la máquina que más se adapta a tus necesidades y la instala de forma rápida y muy eficaz. Sin duda lo volveré a llamar para otros trabajos que tenga que hacer.","Richard S","5","Cinco estrellas. Estoy muy contento con la atención de Sergio. Ayer ha instalado mi calefacción y no tengo dudas para recomendar su negocio. Muy preciso y con cuidad. Es un hombre muy simpático y tengo mucha confianza en el. Gracias!","https://maps.googleapis.com/maps/api/place/photo?maxwidth=800&photoreference=AcnlKN175JEnjtBHcEUaLtU-z960TrNAvgJ4YomJ-871p07-vLaCQVjGNy705yegzI_CkPNIFiXqczSGsmfQJWTn4cCQx3CcFqHj2tSoJPhpxPB-PXc3otv9qD0FMzkbP3rhibzQA_JhdMwBUVmL40-As1UwUsUTZ_hag_iQWVYme2zwH81HlNYZtVoRgNUuvKep7PyfBNOasIifKGNZebitWKDLxto6sD84DcxjeD7wGEPVah4DtaHctv7VbW3t05vRE5ctDN4NIFECmYHq7Y4coSfYGvEGw2mQJek0JNfHzSr3OWAYotT9kuqyky5sm-iJs8yvhgBIdxgHS1K5UsNukrBgFHiCy2KXQ-QV5KQ7KThppXNzOXyAFX3ruowLBG3NFDGLs4bJXLPSAlOZ5GhvwXgCR_mUTauQVHbs1XImDW6m9g&key=AIzaSyDYOoF-ybVDXPXhmnOq1TChpFQkEgr9meo","https://maps.googleapis.com/maps/api/place/photo?maxwidth=800&photoreference=AcnlKN1Uo6P-0WB9mAGSW631YsSlzT5erDCT5TwX7b7hJfBjspAAAA-3SeMD_GMm9fo0k5P7KhxbGTV2qEsy1OyK0hgHem_3JsCzp3rITu4Wf3fixbuP3gN_izCZ9dT6m4NywkOnLjqXY9IRzLhgpBzZ0VfsFIKcrcRbtRz-W5pKkwzR4K46MdCwx_TesR05tpZGUtc3_DM7MK3M5WALtkHRZkyM_Sx5AgKitNJ1tat-UazLSYzAK5rvghgOI86iSkmxVpDSiVReJ0BY8FiRbUwsCXy0R8LEJXxyCVv5MOfvCUcyrA&key=AIzaSyDYOoF-ybVDXPXhmnOq1TChpFQkEgr9meo","https://maps.googleapis.com/maps/api/place/photo?maxwidth=800&photoreference=AcnlKN1VqAPLn-8JeqtltcvP3GOB9FXKGUcH_XZClwgLG0B4BAyJUCCSy8t_gRpLAlVRrDE5cQXxzLNjHK0brd5UneQWbiTzvpK-Ips8RdPBSQxGCZkFmi3uHyORxzjXbqnLSYk5KWGQSWYpOC8yb01ARLM773n4zUFF9yQ5wsC3AdXMFo1p-ewMBE8pR0sPIY_vn5VT4o9aRZDMumpNSIiyKOBKivE9IWtsL-wMkbMBnsd27YJ5lmu3JB-lcTw3Cfz4YLwV2yv-QNXTJxjlaYltmJpgCg1MaboC8j52MqFFScmgSQ&key=AIzaSyDYOoF-ybVDXPXhmnOq1TChpFQkEgr9meo","https://maps.googleapis.com/maps/api/place/photo?maxwidth=800&photoreference=AcnlKN1Tw3CwfbOGyAH3uWODZ0pTNlouZLrMl-MDGypRUH2c1uh9W-N7fei5u_lSeUGV7UUAi83jQmueFvMIuVOdnLVyVDl5uxCeCAV1zHTAEviaP6ZvIWA0Ks1H1hEo4xubBcg9UItG_-ezuWrqTwY_LCjd879bEPo_g4j9KKtxhC9SmkkVMtfhdFgRRSV-iEEXQoAxLyYLJd6wNkOSmAEwHuq9oC6x3R9DU1Pt9kYdPLfMl6RKltLGhrQK6IKo6XUw2gY32llwqmWOPvIgNjm1k6Ig20NSJsV5zv4rC7Re8RabFg&key=AIzaSyDYOoF-ybVDXPXhmnOq1TChpFQkEgr9meo","https://maps.googleapis.com/maps/api/place/photo?maxwidth=800&photoreference=AcnlKN0CC1v4RBnI0qZD8w_P99fwraAJKErD_BX42VrQ9zIbLQ8UYyn0Qh0UHn3wct_ty-C23mENdiJvl11SSyxXHTak-I9VC-7TKZSfDtBzXxoZEVr7j11IwQuOleL47JyGl0bhfV6AEj0CvtOmk-H0aq6gZwVnWiLsyo7xe224Lzg0onFeiE9S4tyOaSVczHUZjGynMyIeNBLzn8reAdNeQqWWDSn6ExXuvZDeg367aFfl1GCPI4D1v3wh4PaUu6jBC5Aw3z5nqXSQchxqzyN3CP2ggJH_SaMIQcyfENhaPd_c7g&key=AIzaSyDYOoF-ybVDXPXhmnOq1TChpFQkEgr9meo","38.112127","-0.7930703","94","🔥 A - Prioritaire","30","25","20","15","4"
"electricista","Electro Martin","Carrer de la Serra Mariola, 3, 03430 Onil, Alicante, España","Onil","L'Alcoià","655 17 88 47","+34 655 17 88 47","4","4","2","https://maps.google.com/?cid=13922015586471829784","ChIJTSUdAejVYw0RGOEa9WnvNME","lunes: 8:00–20:00 | martes: 8:00–20:00 | miércoles: 8:00–20:00 | jueves: 8:00–20:00 | viernes: 8:00–20:00 | sábado: Cerrado | domingo: Cerrado","Tienda","","","","","octavio sempere","5","Estoy supercontento con el tarto y la profesionalidad de Martin. Tuve un problemilla que no le sacaban solucion y vino este pedazo de profesional y en un momento todo solucionado y muy buen precio. recomiendo 100x100","Nestor Rico","5","","Antonio Vila","5","","Eva Fernández Bodí","1","No puedo entender cómo pueden haber “profesionales” de este tipo en el sector. Hice una reforma integral en mi casa y ahora hemos ido a instalar los ventiladores al techo y resulta que el señorito no hizo cableado en ninguna de las habitaciones, además, la luz nos “salta” por la mala instalación de los enchufes… me rompió un armario y una lámpara de mesa, en fin, eso sí, cobrar me cobró un pastizal por no hacer nada en mi casa. Luego lo llamas por teléfono y no te lo coge, es decir, no da la cara, ¿por qué será? Un cero para él y para el que me lo trajo a mi casa que era el encargado de obra.","","","","https://maps.googleapis.com/maps/api/place/photo?maxwidth=800&photoreference=AcnlKN1wcTxBNBDWXFgp5yb0uhof-f70XHoqI9wJYxSv6TnJA900jbLSzZxKH7LmfQCt0ec0bwvlI3Bilguf9X6mMXdRclOb_hSYLBZBFnO4Yozg_l1tJzt5uqGPjTsXNp6WGwZpoV7W999m33zD0BIIzHBIKD97mJqbD22PcPf_0Y0JuQfC0qANlusoO5SooT3IA9eSDpqNzC-R6sUB2g-st20eKmMQxUM0pT8SWFLe-q-oKDieOqzLxsRG1ucQYlBUZSU7R5wkqXg4pN8J7umcFydrGDgDHyFw0qlvBXPerFQQSr4L0hibcPeNzxCDj-nzib9PWQ-1kOupXVn1Yo8C9Enpa4H_o1pC4nahWaJ9HUg_LhJUlyGCHpaZ2QwnvYUMvuF2r9cVw6Sz6iILKWy9t6z7HXMG-Lw55MVbdIcZWH3VKQ&key=AIzaSyDYOoF-ybVDXPXhmnOq1TChpFQkEgr9meo","https://maps.googleapis.com/maps/api/place/photo?maxwidth=800&photoreference=AcnlKN2eMV6XTGzb1QW_-hxHhuEv28T2HOYDpisP7W0z67_x02Y8LlOd52OM3_QjBllf_6NTnBMAwJy4vLGOBsNLyiNjR9ttrdhlDLHuBzqJGuGRcSDvS2KbrRaX1NYcW_bM4QtvGFlENkLf5dtUItfneOB-ldTmFp_7kPOaZwqe0oal7-bPdbujl9xl-VLkuUW2ZrRTGkfUjOidGmYhthatwAi8Fw7ysvPAGWkfvG8NhfPOH6IAHW40s20CFAkeSKxISGnABN1p6Zr2lRYZrh3SVSubXHEomWdpBHOF9IAE6H6g2cqssj5LbbhHziP8TkrxuWzlzTyr4DiD6elDapzJ_JTfK9a8k-7vuqchJzDD7S10p69xYFVFnDVC2xTA2lPtIDU8VWTiJCjpg8UwAX1moPuw84Jt2G1dkwpZa8p0o4_pdw&key=AIzaSyDYOoF-ybVDXPXhmnOq1TChpFQkEgr9meo","","","","38.6303308","-0.6676588999999999","43","📋 C - Standard","20","5","8","6","4"
"fisioterapeuta","El portal de la salut","Plaça d'Espanya, 03430 Onil, Alicante, España","Benillup","El Comtat","646 63 13 31","+34 646 63 13 31","4.9","55","5","https://maps.google.com/?cid=6821448967819804918","ChIJW1cRt0zVYw0R9sBa1LGnql4","lunes: 9:00–13:30, 15:00–21:00 | martes: 9:00–13:30, 15:00–21:00 | miércoles: 9:00–13:30, 15:00–21:00 | jueves: 9:00–13:30, 15:00–21:00 | viernes: 9:00–13:30, 15:00–20:00 | sábado: Cerrado | domingo: Cerrado","Gimnasio","Salud","","","","Àngela Beltrà","5","Grandes profesionales, de carácter cercano y muy agradables! Variedad de clases, como hipopresivos, pilates, y se presta gran atención a la mujer tanto en su preparación al parto, como en su recuperación en el posparto. 😊","ANA BELEN GARCIA GIL","5","Muy buen servicio. He contactado con ellos por una lesión deportiva y la gestión de la rehabilitación y el tratamiento me han gustado mucho. Los ejercicios y la manipulación me están ayudando mucho con la recuperación","a7 _sete7","5","Fui para una descarga deportiva, sali muy contento y aliviado la verdad, me atendio Carlos y he quedado muy contento con la experiencia y el trabajo realizado. Muy profesionales, los recomiendo.","Carlos","5","Llegué por casualidad y me encontre con unos muy buenos profesionales. Totalmente recomendable.","Gabi perez frances","5","Gente profesional y trato exquisito. Muy recomendable.","https://maps.googleapis.com/maps/api/place/photo?maxwidth=800&photoreference=AcnlKN166q6Nrxa15ARaJ_TQ-Wxgif--BB4omkS2iKV6L_dlR8ybkHWaxA2j4Gfrg3f30pJA2VVrSQnq3PpKWH74KzV8iLY-eM37u57qS_QbRaQ9jDR8ZJxsO2B9hXfUpsaXYKLevkjj-m7CLJAxh_NkhMFDqQRWJ6xw4VQtcpgg6gm5sARuaT6boeOh_JQ-MBW9vhP39UJsNpfnw-_UE2Zoa2l5q8uxN62Bvnh5SfX2LeTAqQPFha2ceCqEfIsY35yh_IzcZlXbWCvCo3yFj1xQjy-YgcofPUvwk4cP0yU896DG_A&key=AIzaSyDYOoF-ybVDXPXhmnOq1TChpFQkEgr9meo","https://maps.googleapis.com/maps/api/place/photo?maxwidth=800&photoreference=AcnlKN2rOAAbTo5cXFzhUu9ZixEk172SgYMLqJxw8b9kjLpkDxe_hqNld8l570df3UKRqNs3qgJ9RAXUH_kVGzFd70-TZz4DpIwiK3x-613fFFZ6-8pGRVEByEvXLyQqtRiztDleb6TAzrBiALxJs_8yxkcD7LLTv30xvyPn4RkXqX4bzYuoH8ZO5zZ7mg53PWghX6GLMa02WxrVuODozX7R0PexerxNzWqQ-tgenegRt6ADoRf9BQ1lNzN9LctS8qWi0lHAtO1oP7lJMSPgUaRo-efsE8IwLTNlr7bNr12xXWGE9Q&key=AIzaSyDYOoF-ybVDXPXhmnOq1TChpFQkEgr9meo","https://maps.googleapis.com/maps/api/place/photo?maxwidth=800&photoreference=AcnlKN0iZcPFMekPGv3bI7hbj2xiXIkizWCKxGtNwnP7P2lyLARUbmnMvfsHyX5mS3VA3peHdBQ61h1LyruJX7u2RAvBl3vbdVgaZvgeH75uvXGUFg207YNz3ECJ59Rm03bO2-8QtqTohkd9SKbvdOXi64GSH1ya-FYj7mBzDCVs_mNlPLEd23JZ10n7k86Dx46TwBVRoDl-etWPwudQ5VRbQ3lq3prMoNuIXDSMT7I03eKQpN4hs8fTI8FWSGV349E-73ZSE_5c4o35oZJbBpj3lugeDyce6GA-kYoDuU2sadOlpQ&key=AIzaSyDYOoF-ybVDXPXhmnOq1TChpFQkEgr9meo","https://maps.googleapis.com/maps/api/place/photo?maxwidth=800&photoreference=AcnlKN2VHzfLfBU-z2Vp4L6iXFAJFA0o4gE_UwmU0SG_QJhURlozWmG0Cof9HteMJAXs_D35GRlZy5MIGTSX53_cf8Lep-mrRnCTwZ-xe8j5uJ0Q-SAqOWVH7-2zOyqDvLzYow1qBfy1uI5TZynviqAIPz-DNVvNbgmRvWfKDPrtgUgaFPPaZYGzQGtSQAtddcSHYykYzAUOf7QlZzUL6KNav9CoMLJ5W61YgQFNpkBSGZI0BeFc1aNbnZXNlp6PdisVGeyohEZcyPX_BpTEdhLgc91g5O2vpCza9hze64NCCtt1Yw&key=AIzaSyDYOoF-ybVDXPXhmnOq1TChpFQkEgr9meo","https://maps.googleapis.com/maps/api/place/photo?maxwidth=800&photoreference=AcnlKN01P9SZfFuo-ifTDNsVNJgDUobiQQGtQOg1xFtWE2DgOV4WnIf_H1mmRRSW0Idyirw2Pu7PpB78La8iT8SMkBuZzGv74zGU5zSl7RCozYLpPBkMCbxZ4G4UT7PvqYYvS6TJBviWl3VqSEI0Cz8Tgz8OLPdppQ9qYAVhhLlyoFMOJC0v47KCaXL3bJAizLGJxRwYkuoDP1UPRtWonuSg7ywxdhR4YL97iks7leTLFEnRcLpW_nzgf_dekFI2HR1GDyiJDjNw1j4b5mLty3xyafhXv6N8LbDnnCs8oGYP2yIL8A&key=AIzaSyDYOoF-ybVDXPXhmnOq1TChpFQkEgr9meo","38.6297153","-0.6724496999999999","97","🔥 A - Prioritaire","30","25","20","15","7"
"fisioterapeuta","MOVIM: Espai de fisioterapia i exercici","Carrer Carmen Llorca, 6, local 1, 03804 Alcoi, Alicante, España","Benilloba","El Comtat","622 67 02 54","+34 622 67 02 54","5","42","5","https://maps.google.com/?cid=17799755269539690272","ChIJ0fCeZDGHYQ0RIPfMSRxvBfc","lunes: 7:00–13:00, 15:00–21:00 | martes: 9:00–13:00, 16:00–22:00 | miércoles: 7:00–12:00, 15:00–21:00 | jueves: 7:00–12:00, 16:00–22:00 | viernes: 10:00–12:00 | sábado: Cerrado | domingo: Cerrado","Gimnasio","Salud","","","","Daniel v","5","Los dueños son muy profesionales , agradables y cercanos . Instalaciones nuevas y muy completas. Los recomiendo 100%","LUPE GINER SEMPERE","5","100% recomendable, todas las clases de poca gente y supervisadas. El equipo de fisio perfecto.","Jorge Tejedor","5","Encantados con el postoperatorio que nos ha brindado el equipo de Movim, con ejercicios que han ayudado a la estimulación de la zona operada y ha reducido mucho el tiempo de recuperación. ¡Muy recomendado!","Juani Lopez (Tatani)","5","Trato excelente, profesional, siempre con una actitud positiva, confianza plena en la ayuda que te dispensan, en resumen, trabajo excelente y sin perder la sonrisa y el ánimo de continuar con ellos. Yo no les daría un 5 , les daría un 10. Por su comprensión y empatía hacia los usuarios.🤗🤗🤗🤗.","M. GS","5","Por mi experiencia, muy contenta con el trato y los entrenamientos. Los grupos son muy reducidos y así te pueden  prestar la atención necesaria. Además tienen recursos para cualquier adaptación personal por lesiones u otras cuestiones. Clases dinámicas, muy buen ambiente y gente muy maja. Estoy encantada! ☺️","https://maps.googleapis.com/maps/api/place/photo?maxwidth=800&photoreference=AcnlKN2HoMXGC4NWzChVSe4P3aYDAx-Tb7kzYKO1yvF-c1ViX-0umuKaKrT6LqPvzGbqwuW6kXsjNMsWgA7RwgqawSLoYzQvXfGXtsley1wBi5ygo86rPx-3n0TgGmCbBYE5Cl0PRS09RA7NzZX1hwVYGoY4rcIIzD1huYKieobs2Wwsq2Rvxr2DS30FnFOnDDRj4xnRtdI2EjrLWuBCtffThvO4pDjZg2LEcz1WCuVlzv-YI559etFyhpq07Tjj0zKFXdzEqHqFks2XYvV1I1Tx9gCA8JTpjzNx_95ymZr1mB8&key=AIzaSyDYOoF-ybVDXPXhmnOq1TChpFQkEgr9meo","https://maps.googleapis.com/maps/api/place/photo?maxwidth=800&photoreference=AcnlKN3Y5h-TlaLmM8fsQ8wchd9_8-O3Fno1jbncqntTBC-HoFYap1nbi38cMQOXzKOZYbC-jvoB89MshKA0PnXzW-hSQkfljEfkTNOrzpMKRT2QVAcDUIZX1IvbAx9wbSWIJ9Jo0YbMVtVt6vhofAKSJ7cqmN6pfnUqVgVGY8aZnVMfbuiaf2RE9T3E4WeQvzY85uOhfhXZqRD8htiqmXLQpdBSD0zgmFSscvEhzBuvnFwx9DoaywKRnB8w-usDObhQB9T-I3u_nKYzspFim9JIMOfxC_RqBtHjAsREjxTHhJI&key=AIzaSyDYOoF-ybVDXPXhmnOq1TChpFQkEgr9meo","https://maps.googleapis.com/maps/api/place/photo?maxwidth=800&photoreference=AcnlKN3lEEArw0Ad4sI8XiRxQXGGE6gr1QhfQfACXRzDAzMJ6rSauLWk6N42ZAVccEWh-FHk29JzEx3NX6XCFC9tv5MgtoXn1z2jlz57w2V7yLsgDuNgZpWb-VgP5jZaNDHx6_tEde2xCxOnjDXk4sCrvPpu9IzGbkoR1YY0u6M2LnuztN60GANExQw_p98tJNR35yxRdqElae5KKKxJ635e2WxLfjAo8zXqbVQr3QDMtZBKqKPpaP3cttZdnkB-Sb7Xr-sVXsUDy0Wcp9bPj4btgSZKb7oYfnMZHN3jw7JY_aA&key=AIzaSyDYOoF-ybVDXPXhmnOq1TChpFQkEgr9meo","https://maps.googleapis.com/maps/api/place/photo?maxwidth=800&photoreference=AcnlKN1LgvcE55RzhkrvbnTOUKH2w3dzlOunaeVLs1CMy5rHclmc-SO5l5lTX0ZQVYeiOanpT0WTCQBSf5CX2TKd0_ADZxrorv-gv2FwUVUH77LHjc2s_TnawpR7HfGe3KhGYOVPiNGua6O0cwEpauL96J2bDR8hkxcdlD20D0Kg2KI4ZLarr6g_BdRrP_-pH7ZtCDRhdNbg1EGZKAzhTJjKDWRWKlGOGV2vXrl4Q4H_-MC3zjDt93Edec4cXpZJVracUkX505hGfQ3IqZdb8GdCL5ankK0WSjYVsHdE-kmxLvM&key=AIzaSyDYOoF-ybVDXPXhmnOq1TChpFQkEgr9meo","https://maps.googleapis.com/maps/api/place/photo?maxwidth=800&photoreference=AcnlKN3g3u_URl_L97v8Y6FNLb79KESAP99HWleNFa9VLmqIFapNUHe4S9mdNY96T-gFxTF_8IFlaz1RYe2x0Nv85j9Y6VDeATaGqY1gI2kDFi4aV_Z_U0p6-gJoBNDVyMJQfD_vhm54jAjS5VwHtBiXumusIO9-6QxMhxTOxL3nSWaDAVel0Q_iC_77eE0JtfSOsYQBE6xkCcYeGwyW1rYFnEY9cHn-SBxYGyOML1D7oXy8CZycelbA0vYMfczYU71Nsld55u1rkp6UaC4nLOdECA8uK24lPp4gjw1JJci22O4&key=AIzaSyDYOoF-ybVDXPXhmnOq1TChpFQkEgr9meo","38.7094182","-0.4643855","94","🔥 A - Prioritaire","30","22","20","15","7"
"fisioterapeuta","Centro L3 Fisioterapia Osteopatía y Pilates","C. Donoso Cortés, 31, 03600 Elda, Alicante, España","Elda","Vinalopó Mitjà","676 91 88 71","+34 676 91 88 71","5","31","5","https://maps.google.com/?cid=6934517122905342030","ChIJI0jEos3FYw0RTgCjJ5VaPGA","lunes: 8:00–20:00 | martes: 10:00–21:00 | miércoles: 9:00–20:00 | jueves: 10:00–21:00 | viernes: 8:00–15:00 | sábado: Cerrado | domingo: Cerrado","Gimnasio","Salud","","","","Guillermina Soriano","5","Centro de fisioterapia muy recomendable. Angela y su equipo destacan por su gran profesionalidad y su continua formación. El trato es cercano y transmite mucha confianza. El local es muy cálido y acogedor  generando una sensación de bienestar desde el primer momento. Sin duda un sitio excelente.","Maribel Falcó","5","Recomendable al 💯 Llevo dos  meses con Angela en Pilates, estoy muy satisfecha y contenta de haber encontrado por fin… una profesional cercana e integral. Se adapta a ti y es encantadora como persona.","Nuria Martinez","5","Excelentes profesionales  y mejores personas! Asisto a clases de pilates individuales. Empecé con mucho dolor y muy poca flexibilidad y en poco tiempo he mejorado muchísimo. Angela es una excelente profesional, está pendiente de mi en todo momento para corregir cualquier movimiento o postura que sea necesario. Además de pilates he tenido con ella sesiones de suelo pélvico que ha integrado en las clases de pilates y fisioterapia, en ambas ya en la primera sesión se me quitaron todas las molestias. Tiene una aplicación que te facilita mucho el cambio de las sesiones, además de que ella te lo pone muy fácil.","mari carmen iñiguez amorós","5","Me encanta asistir a clases de pilates. El ambiente es único, muy agradable. Ángela no es sólo una grandísima profesional sino una persona encantadora que innova continuamente. No hay dos clases iguales. Altamente recomendable🏅","Maria Teresa Pagan Hernandez","5","Angela es una profesional enamorada de su trabajo y que sabe diagnosticar y tratar lo que cada persona necesita. Estoy con ella en pilates individual desde que abrió el estudio y mi cambio físico y mi mejoría es evidente . Muy recomendable.","https://maps.googleapis.com/maps/api/place/photo?maxwidth=800&photoreference=AcnlKN3AKIvBg4ln79xg8RzAZtq0ETOomD-Ro7DRxhE8edB-KnAJSoCm2DrH7Fow-A2N10Q96TkczZbymMHKK0eQcczpPYviwzBTBwpUjl9mUqGv_mYbeJKngS9U038BFgFiR3nCbrkQ5TZtvAcJ3H8JiK_WdcIsMnfQ-YOulKl3iPziWETa2M_T1FwrZBs7PoH2Xnfoqink1g4rAuMyHnSHbfwlwi8NBQsmsiDXCqNn1dvGkj7OFVHolEvBxG3GuA3clMJJBnsrgeNvsQ4ZFtIYfK4rSZOFgQXRB6JAIZVgbYijHA&key=AIzaSyDYOoF-ybVDXPXhmnOq1TChpFQkEgr9meo","https://maps.googleapis.com/maps/api/place/photo?maxwidth=800&photoreference=AcnlKN1_mNoBJyeFd-I-6Zcddkt24VpuEPJFakB9FyfhdfxuOlY5LsiQ98xN7VTNeLeQJjsbrWNs9Jgjb5Pn2BDC1bpmjlr5d1IvvkPsCLNlgEmDJ-a33tdzCV_4dolaUo7-d-p2DICsHQsJRMmDRcbfre0E961m112CwJ-qzYVtNl6Wlf42R_MHvmmTTSgE6Lc6r6rBQG_9gakywlmVryu_9YX5ROe_mziisKCDPrGepqJIFir2MKM_foHNLSr-J6mOpTB3P_I6oLiHPVK3Ryx5bIxwu-rCpV2vPwtHFcmmjeKDYg&key=AIzaSyDYOoF-ybVDXPXhmnOq1TChpFQkEgr9meo","https://maps.googleapis.com/maps/api/place/photo?maxwidth=800&photoreference=AcnlKN3OYrFL4g4ZmQynqdY9J0eoRyEr8Yg26iGdD2WvkNqet_tJDOlRow2O7Z5XoAHRh3X4pfezzr8MjV5TN3ToeZwmRojCjhhBCESw727dfqYU_MXDkfQoXH4itnhN48E4SwGpeBLcR_tAf85jGL5XymCQZ6Hq5hbJ45-yl7VgpVAzlJtNzjDbxti5mWkOBI9EGUW5CiCL3p9W3g32YvFRJd95hY0cNz_OGAj-uqIcTkABRLugUBAZjPk8uSAbrbzibURm6dzYyXE0V9z-1Xu2JMJcmSRtoQd1rBN9opoqSW4fNcISxU9T2_7eru9r8PPDNOEq4AQhOCUyCHgtRT2ystPhAVNJZCurMMRZsHRvdutkJooy5v_P4RFFFI7b-BvIZRWGQ6DoMrzoLQUm_NEaTP0nwdsSdvjM2dT4XaPj1Bwnll90&key=AIzaSyDYOoF-ybVDXPXhmnOq1TChpFQkEgr9meo","https://maps.googleapis.com/maps/api/place/photo?maxwidth=800&photoreference=AcnlKN3n7N5sqkaX2StsF7_fCmeF5PLzhVHdL3q98W6TDDIad6upspF-ABWxhwbC35RHdIysbKHdiJxqQekvlyY8QCkir23vUtMSZAeEJZeS9jqWDbCSw_NPhNAX796fnBj3kC4-ZTKD4gJBmE1dCLpjGqrRVRr9DoGqA0cX4yNacEjox540DNcNwXegrUc8dPwWv197fSey_8_TfLV3M2TF3PyHB91tGFOUXSFksl0X9otUDiBNgx6Le5-K_h6SM5L67AtVh8DaTNHPej5JGhAMZC50fNa-k3kSHSiuk3tsQVsGxg&key=AIzaSyDYOoF-ybVDXPXhmnOq1TChpFQkEgr9meo","https://maps.googleapis.com/maps/api/place/photo?maxwidth=800&photoreference=AcnlKN1FdejXwlef13OJCXCWODJVTi-l_3MV-XjEfZcbNwoa4QUluuxw4nF84-nM9OBxLEahsulpZnBLwJJkV8lf_gIaGam_eN7AHLcZchsGxJAQOPoYc8h4wI9JXpE1uM61SaaIcvOZp7VeIzlNy0Q4Ivy2FlQwFVBATqvDu5UeJ5Tym0x6j2BQeycwPIoLe2DY5Bq0JYulqkhNHIvn3zJZxXjHg9gASYX0YXD2S8NlXGNoUo1Qo6PW2aN-7JRaLFthVLv7rR0KmfzBliQ-Hiurz-UqhBUUwn941nI4cmBgufQGJ6MNjcT4IJvRucobG6Su10e6BnH5R9iQoB5EyNGvBrZWVCrpesJE7LqClmA_pH0JVL_2idFkhh9XFCF47nJyGN6kdOdDB784pHGN3OD8cqXKjbQ0rsEvRZ9O6eSrXE-E2Q&key=AIzaSyDYOoF-ybVDXPXhmnOq1TChpFQkEgr9meo","38.4795349","-0.7887025","94","🔥 A - Prioritaire","30","22","20","15","7"
"fisioterapeuta","Ecosalud","Carrer Azorín, 26, 03610 Petrer, Alicante, España","Petrer","Vinalopó Mitjà","662 15 63 62","+34 662 15 63 62","4.9","38","5","https://maps.google.com/?cid=3920733043448145605","ChIJnema3TTFYw0RxebcGe49aTY","lunes: 11:00–13:30, 16:00–21:30 | martes: 9:30–13:30, 16:00–21:00 | miércoles: 11:00–13:30, 16:00–21:30 | jueves: 9:30–13:30, 16:00–21:00 | viernes: 9:30–14:00 | sábado: Cerrado | domingo: Cerrado","Gimnasio","Salud","","","","Araceli Cantó","5","Andrea es una profesional increíble. Siempre tiene un trato muy cercano con las personas y además del tratamiento de fisio que necesitamos en ese momento lo combina hábilmente con posibles causas emocionales, y eso la hace que la terapia sea muy completa y eficaz. Le doy 5 estrellas, porque considero que al día de hoy no he encontrado a nadie mejor.","Alejandro Fernández Vera","5","Tengo cita casi todos los meses en Ecosalud porque el trato y la profesionalidad son excelentes. Andrea y su equipo, son de total confianza y eficaces en mis tratamientos. Ya son muchos años de consultas y el beneficio en mi salud es más que notable. Recomiendo la clínica sin pensarlo.","Leticia Santos","5","Andrea me salvó estas navidades. Tuve un accidente de coche que me dejó el cuello inmóvil y tenía un viaje programado para hacer surf al mes siguiente. Gracias a ella pude recuperarme en tiempo record! Gracias 🙏🏻","Susy pérez","5","Andrea es una gran profesional, puntual, y siempre generosa con su tiempo y su trabajo. La recomiendo, tanto como fisio como para tratamientos estéticos.","Pi Mather","5","Trato excelente. Andrea es una gran profesional. La recomiendo 100%","https://maps.googleapis.com/maps/api/place/photo?maxwidth=800&photoreference=AcnlKN2SDVXyD9NTf3Wow4BcKQpbNrZvjnunutzPacWk1Eq6mRpIaFKJLy3cccRJtIHGAr1oEXpAgcwPqXj7j2-9WpxrFclaYmbOIQWinM9lOK3TQF5qzYdCPUSHoAhqdXsLjZ8PLDz2lq-aJ-s8j7OGJeMfJ6k1cnBXDyohX2uaaqODZEGZF_W8pkahavJyquCZw59Q6tTiQBTTKKyEL2y868E-S5PfrQn1mvynqd_36yavi5y65INLQlS4uyfPTQ9aHz7xE3vSaXSVD6Xv55ecjCmNLKgDKQFXBUNtAxqTaIw7qA&key=AIzaSyDYOoF-ybVDXPXhmnOq1TChpFQkEgr9meo","https://maps.googleapis.com/maps/api/place/photo?maxwidth=800&photoreference=AcnlKN20yC-CpvYkq-kH5XXzkae-qEbeqQrE46ABQtxQzT6HK1KES6aaP-Ha7K_gzFXxC37zDM51AqT1iedhBnOTeq2gL99wn6ETABWpMFnvCiZ1UkfgVr2JMeO5CfwwzjmB15Jsn91IYdss2AHF9iiB5ihY_QHH_AMMOKN1_yTkaQa8BZczoEcf4cON5WVTXOrXkHUDzu_uYzhOm9gQRy878TyRqzzHzBikpwhKxL0n2LeArJndRd19WZAj9HsfCbA7DSAHBdJFCBRwUuRErHUYKjSDrhaBB3mT2ileCjs-jUGHXg&key=AIzaSyDYOoF-ybVDXPXhmnOq1TChpFQkEgr9meo","https://maps.googleapis.com/maps/api/place/photo?maxwidth=800&photoreference=AcnlKN1YTjI_p1pTvI82Ulf8UhVmmLLY7ll10w08gO3KlEipCQVUmQAFjn_1wc8X0N5A056TUMznyEsQc4u0SecyaR4P0xuKJWXlJeAgFvZnKCUGDMAfV8e6ZtCmy9Ivym3O0lP2KaaFD9HTC3YnDHURNF8N3ABnQ_o0lz7a56b2cuba9lfenkeuak8VaOv5-Ib0EMaOUW9qmKyBQvSRfnawxAd_nEQjdCnHjxM9zSpWQjkJwW_YSsTMJZ9e3uwReQ5DgPDeLZw_0_qvV-VSV2XkMIPvP_XBcjVcCcvmv7CEQzVacA&key=AIzaSyDYOoF-ybVDXPXhmnOq1TChpFQkEgr9meo","https://maps.googleapis.com/maps/api/place/photo?maxwidth=800&photoreference=AcnlKN0Q5xx2St90f3vh8HfpAaFLZRY1de10KBIFEfvyrIG4SR2MPfdo7QTJ0s6N2djZ9dV0eu4ydtbRbb4EJk1WNeryT_6Y2jIWlBbCOUmmdCN1Nfzi6_VzoYpEzhHO8r5QORe8dkzqBRXHgrpyCU5NBKKv11RaHI7E5kCkW4F3cjkRyiHkRN4axOIKwct5pOVR5w61iTcszG2AHaL-BlPgdbgSQiXLLGPXZFH3LKLwJha9dkDPzhSXDys2cW1ZGwyQhTDSHUnZ0_jmtG3WIuyKa24roCzrDMRBNN7Pj3pgLDo0Jw&key=AIzaSyDYOoF-ybVDXPXhmnOq1TChpFQkEgr9meo","https://maps.googleapis.com/maps/api/place/photo?maxwidth=800&photoreference=AcnlKN0cyAs8b9eCsyAwbUsbbL7TC3ZHlM1Z900jPGvZMxDMpcym8gyzex1utUf39BFnQCwt42_eIJo8oLfGN_1IkFWoT0njKEjdpC4VUw2ynFKTIA-LXY1tXB-72lUVTxVAkVICb2wS0O_DI7qNKgTHesgC0FgrDmba28n6M8PV0T9Le7kx_buR_Uc6v3y2U_wjjJXxI7LvpB3jwValmGe9FK-Nm0DTLKeVLEAXazhd-MP8ZEGkltIIeRNa5yLbHL1DpQVJnXn9cUItUDFEvkaVn6kODjDzMRSHmG7N2cl0MGMQrA&key=AIzaSyDYOoF-ybVDXPXhmnOq1TChpFQkEgr9meo","38.4811377","-0.7751218","94","🔥 A - Prioritaire","30","22","20","15","7"
"fisioterapeuta","DOCTOR ARTZ MEDICINE CALPE","C. Gibraltar, 8, Piso 1 puerta 7. Edificio Frentemar, 03710 Calpe, Alicante, España","Calpe","Marina Alta","609 41 26 30","+34 609 41 26 30","4.1","103","5","https://maps.google.com/?cid=9554404691849227754","ChIJ6bpdJiP_nRIR6q3_IXIQmIQ","lunes: 9:00–20:00 | martes: 9:00–20:00 | miércoles: 9:00–20:00 | jueves: 9:00–20:00 | viernes: 9:00–20:00 | sábado: 9:00–20:00 | domingo: 9:00–20:00","Salón de belleza","Médico","Salud","Hospital","Spa","Felipe M.B","5","Profesional con mucha experiencia y buen trato.Se toma su tiempo para evaluarte,escucharte y se preocupa por tu estado con un seguimiento.Sin dudas muy contento.Muchas gracias Julián.","Carles Llusar","5","Atención médica excepcional y personalizada. Destacar la atención y profesionalismo. Además, su equipo en la clínica es muy amable y profesional, siempre dispuesto a ayudar. No dudaría en recomendarlo a cualquier persona que busque un médico atento, competente y apasionado por su trabajo.","B S","5","Muy buen trato por parte de todos y especialmente del Dr., estoy muy satisfecha con el resultado. Fui por un tratamiento específico y de paso le dije que quería relleno en los labios y fue muy sincero diciéndome que no me vería equilibrada y por lo tanto no me gustaría, se agradece mucho y da confianza que no intenten venderte tratamientos a toda costa. Repetiré!","Natalia Almarcha Fernández","5","Es mi médico de toda la vida y no puedo estar más contenta. El doctor me ha acertado siempre a la primera todas las patologías que he tenido, que no son pocas. Y un trato excelente con sus pacientes. He tenido suerte con él, la verdad. Lo recomiendo al 100%","RICARDO PICAZO AGUILERA","1","No puedo valorar la consulta ni al doctor, pero si la atención al paciente. Nadie contesta las llamadas, nadie devuelve las llamadas, ni nadie contesta los mensajes de whatsapp. De qué manera se pide CITA? Me lo pueden explicar?","https://maps.googleapis.com/maps/api/place/photo?maxwidth=800&photoreference=AcnlKN3-zTXEFfalNNNXdKipv3l8lL0p5nwoDdCuLBqRif8FSis8Dx0mA3I8UdGSpox2y0X9KwWfG8HS7c84s41DSTBj32QQpPcGGdzH6k1fdnvArjhGCLrvR_P_HfJwi1iwZvGHb7fUK1BTLOZBBvvuH8qCY-SC9jch7sTrXZ4UK9RO7yGAtuiwfBb1V8R66MjGIXHfqo_fntfOpSLB3wHzo7hXzQypTNr1w2DmbVh7v5rG7K7VglFwvuPf8YUEV_THQdVydhACrBGSnFxpnNNx-kc7WKtXFcCyygOCQoa8YkdX1A&key=AIzaSyDYOoF-ybVDXPXhmnOq1TChpFQkEgr9meo","https://maps.googleapis.com/maps/api/place/photo?maxwidth=800&photoreference=AcnlKN0WPhZf0AQN3psWiKz2sFGen8htN9LoVrDV6NSHp_23u6mGjo16c63TNyJmNv5WQT8DAnwOgdpdXwLMkgSiNnALqwJPMlbXsO-T7_n-uTSAQ1WhYTi66CYgp83nqfJuoX-CKBxxT-3J95Rnx2XrXl9KM_uJrRczSsUetm5jeTFR0RX9nk6W04geUNT9pxDEcvmz-K37PjbgRlZecejcBbvK5ceXmbKVaCCJg4qy8I1w1ov2u6VbxsQvId1ASc5onoNk8yBYGDYHq4nctTgwPEmnYQjGqnfrx15pmHCC7WzBQw&key=AIzaSyDYOoF-ybVDXPXhmnOq1TChpFQkEgr9meo","https://maps.googleapis.com/maps/api/place/photo?maxwidth=800&photoreference=AcnlKN0lTVGu9tk8Vla0ffPJPmpXZF-huNK13d1Y0U0tBvG3FepMoSEMfulxMjaXzuRrvfYH63m2yAuEItFH8lC8ObN5CwWClKIF1jOJphR3sdVWHP5DajpVacZt85ayD3k2DwZx1DmmMzJ_jXttpDSt4AzfgKyaWSv2IXwzPXbxjKPELkq5sGFflTirAegKBQhNgnkSsVlJrzH1mjSAhkrj6N_jkVTh89LdT5TIGv3OPE1eFGhwmKphj3i-g_OlDausCQ6gCIiAjpYfUELrsQMv5rwaERBzmFHh-WMS6dJJT8KhNQ&key=AIzaSyDYOoF-ybVDXPXhmnOq1TChpFQkEgr9meo","https://maps.googleapis.com/maps/api/place/photo?maxwidth=800&photoreference=AcnlKN1eqM3GrwWU3IY4uqfsjn_NWazI9tr1Z41eKsKW4EpjKvGeEGLhmfLyTTuNJTB_sfYP5cjWgd1gk9pq_nSkQKnKW3JvFobc_XiRhBa3Whp6CD2XZgPPK1Q0xbg1GO8osEdzYE2Hy8Tdp1GFrsbPPN1P_FNpe7oHEtlkerkymxxElMEP4V_Z1LJlCTa1i2XdLqoPLlobyrxXvMU9jajPzExK9NLogS9cpZMUG73M7fpIt-rm1D7bT7oCxulTcn7rxylmk833c_zPcHx6gR4J2u01fU1zrbfTBSIh2FDtIv32zg&key=AIzaSyDYOoF-ybVDXPXhmnOq1TChpFQkEgr9meo","https://maps.googleapis.com/maps/api/place/photo?maxwidth=800&photoreference=AcnlKN0Nw41j3PVcNrejjoodspIPSNbbynQm6YWBTikajmwyAqxpWXODGdOQTnW2EgzDbGrN6CwMfQm9fVePJg_qxPFIHlunM6MZkYMM0TE6kDTjwBPh40G0djJyu5xP8n6pH5iYleXAdKRxqipYaJXLbvx2hBvIvQw8mHa63K8o13YePHvNOiFSimPOBc9crGzIr3Jok8WWZj4w5tHWakMp2VQAGJH3PzjI6cb81NffSGo9LP9nVoPuQsKwVY8BXiJkkwInk20ZyuQK34T2K4DBbgXjgC9W2IxULso2u2yCX2F8zw&key=AIzaSyDYOoF-ybVDXPXhmnOq1TChpFQkEgr9meo","38.642598","0.0720415","90","🔥 A - Prioritaire","20","25","20","15","10"
"fisioterapeuta","Moni's World","Carrer Santo Domingo, 3, 03770 El Verger, Alicante, España","Els Poblets","Marina Alta","646 32 06 14","+34 646 32 06 14","4.9","29","5","https://maps.google.com/?cid=10732704603844134096","ChIJKUT43fEdnhIR0ERUD_k58pQ","lunes: 9:00–11:30, 17:00–20:00 | martes: 9:00–11:00, 16:30–20:30 | miércoles: 9:00–11:30, 17:00–20:00 | jueves: 9:00–11:00, 16:30–20:30 | viernes: 9:00–11:00, 16:30–18:30 | sábado: 9:00–11:00 | domingo: Cerrado","Gimnasio","Salud","","","","María L.","5","Estaba buscando completar mis entrenamientos con algo de movilidad y mejora postural y la verdad es que he encontrado el sitio con Mónica! Da un pilates muy profesional y cuidado que no se ve normalmente en otros estudios, siempre lo recomiendo, este año repito! ❤️","Lyvia Mendes","5","Me encanta este centro de pilates. Mónica es una súper profesional, enseña y corrige cada  postura. Yo tenía constantes dolores de espalda debido a trabajar siempre sentada y con las clases de Mónica me ha mejorado muchísimo. Recomiendo 100%.","Garbiñe Martinez, Santo-Tomas","5","Quiero compartir mi experiencia positiva con Mónica y sus clases de pilates, que fueron fundamentales durante mi embarazo. Desde el primer día, Mónica mostró un profundo conocimiento y comprensión de las necesidades de las mujeres embarazadas, creando un ambiente acogedor y seguro.  Sus clases son una combinación perfecta de ejercicio físico y relajación. Mónica adapta cada sesión a nuestras capacidades y nos enseña a escuchar a nuestros cuerpos, lo que es crucial en esta etapa. Gracias a sus instrucciones claras y su enfoque en la respiración, pude fortalecer mi musculatura y mi suelo pélvico, lo que me ayudó a sentirme más cómoda y activa a lo largo del embarazo.  Además, Mónica siempre está atenta a nuestras inquietudes y ofrece consejos personalizados, lo que me hizo sentir apoyada y motivada.","Andrea Teodora Ripa","5","Fui a hacer pilates con Monica cuando estuve embarazada y volveré!! Es una gran profesional, siempre preocupada por ti en todos los ejercicios, además de ser muy agradable, siempre tiene una sonrisa. Recomendable 100%!","marina gonzalez","5","Haber trabajado con monica durante la gran experiencia que es el embarazo ha sido fantástico, ha hecho que este camino sea mucho más fácil, y que muchos de los dolores hayan ido disminuyendo. Si estás embarazado o tienes lo tienes pensado no lo dudes, este es tu lugar de confianza para mantenerte en forma y prepararte para el parto!(: gracias Mónica!!","https://maps.googleapis.com/maps/api/place/photo?maxwidth=800&photoreference=AcnlKN2h-Bm-xrx2ljzNwffdT7I49_tVVjZ8oBVm0n8cKuq1pdk_08b8erzXuDhed78nXdnLbd99Cp06NBH7MXh6RCQl6wTnPH6JUtzJtr2trhbfocrTV_dViJBJIw8FT5vaDXoRpKFF3YXiAxY5Z1o3VWT5gQqMDXfpiane_IuFk_DVmIBy11pIF851t0HoI3CJTX9A8mJ-nHhkrsGBXKgR5AMihSsBtAMhSPIbxXYIjay4tYQEBJ4-2-gxJ46CrYIjlRc2pBPASqXNh492WmeCr621vfWMAR2Ypf_kumkCNhjVLQ&key=AIzaSyDYOoF-ybVDXPXhmnOq1TChpFQkEgr9meo","https://maps.googleapis.com/maps/api/place/photo?maxwidth=800&photoreference=AcnlKN1ORfSut1_Bg6H_LxgvRx6m5hZB8snNsIeBnmgbgb34IfJt4Y95YoF80aB3P9w4E9V3gQWDYunF6tcJ4mcpVixbMNUG3XTN1E_r-4rnm6rwvHt5iNKjihjFaX1pqWRe4hbv15NVExGQdxjcLkTb8TvthYCUX59n_gY_kdqwMlgunENacxwKawdboQQlvtRqwawUiWHDyKpj70QfBf8t8Ta_TFRTxuiQlvvOPZJtdSxL964W3yc-b0y9M-WoTZArkRmPRLSa-UAbFUkI9b1a8JCG3YpZbZIATSYc7KK7TlBQkQ&key=AIzaSyDYOoF-ybVDXPXhmnOq1TChpFQkEgr9meo","https://maps.googleapis.com/maps/api/place/photo?maxwidth=800&photoreference=AcnlKN3yw0Xh8sxyh6JqU_Qq1CxPC3u1Tqll8T344n8_JQTsu9G-NTvvafjsPaoiBc_2D4H7E9cA8ewhLhcx2-TkNN8C7hwMPb_C9K9YgOl7YydYJJMlUhAdCktilOjANDHUKGIUk5bm854gJmAxuRJ8_jN2F99M5fIT2YsrJKskfTJuH1E1zy49H0p3-yGZsBXARoRE_nYScP6GftiEDpogQkfsGNPYCP0CdVw6XwEbt6U0jssVR3lthm8bBQ5jp1HxjrePAm5M9s02KSCEYa0pd4acVdExVrtN7VA_sMzGEUsMlw&key=AIzaSyDYOoF-ybVDXPXhmnOq1TChpFQkEgr9meo","https://maps.googleapis.com/maps/api/place/photo?maxwidth=800&photoreference=AcnlKN0HhYsL9_NcvQq0OZ3W26H6FC0iSwdyWkFkOjt7YUQyi0xyzZfHsOrNchQaM19fn_o5GJVhhdEKZqEuY9f7sb3OsME0bkNXPJpx-3mIhbpip5cZTO3DRR3gk1POjbv0p79ZQ7UuqvTEfHQgIy7z5uqkDt7F36NDksxmrE-JoRaeUDvxrBMcZ1IUaLqR95STsn811Mgy2DuNSwdGgevCE1nOLGctCGI-PoXp4tRSK2bZkboN7-wMwrgYPhKId7AsAZBEnoFDdqBI2hMqr3dS-1aJENAkxze85U8--_mf8lkc6Q&key=AIzaSyDYOoF-ybVDXPXhmnOq1TChpFQkEgr9meo","https://maps.googleapis.com/maps/api/place/photo?maxwidth=800&photoreference=AcnlKN0wzc7Qor-1xuP4dq6MkwPLNLrlMClfwiBDynmiaathdESblQsfQylOu1qivo2XBAoXvR5Ki7kCsJIu11Yjc-csaZBaIVbL1rB_EJ098bWuO9VlOnu-2OzdDn_vL7mxJ-6sPb6Os9U7mjEHnWRHXTqoUgAU2vojNAjx1ZT1_wwCSih88RLLE28_4c6Di8uHPkvvLHxIIkVlhOvCKkTtIFNXPTutnPglEU4mvHt-h4qTXkgk3JJwkkOZzb5lEZBScpFd-AAI5lLJkxUpSU-D8n2r2kB1fyDhniRVf3c4L8cucA&key=AIzaSyDYOoF-ybVDXPXhmnOq1TChpFQkEgr9meo","38.8442626","0.011706","90","🔥 A - Prioritaire","30","18","20","15","7"
"fisioterapeuta","Barbería Pollicos Hairstyle","C. Pablo Picasso, 53, 03390 Benejúzar, Alicante, España","Benejúzar","Vega Baja","645 37 53 64","+34 645 37 53 64","5","23","4","https://maps.google.com/?cid=16529813969277615654","ChIJc267tzWjYw0RJv4U8jmyZeU","lunes: Cerrado | martes: 10:00–14:00, 16:00–21:00 | miércoles: 10:00–14:00, 16:00–21:00 | jueves: 10:00–14:00, 16:00–21:00 | viernes: 10:00–14:00, 16:00–21:00 | sábado: 9:00–14:00 | domingo: Cerrado","Peluquería","Salud","","","","EMMA Ellis","5","Trato estupendo y tiene una silla coche para los más peques!!  Lleve a mis dos hijos pequeños para cortarles el pelo, el barbero simpático y paciente con los nenes. Volveré seguro!!","Daniel Martínez","5","Uno de los mejores barberos De la Vega baja y parte de Europa!","Joaquín Esquiva","5","super bien super simpatico y agradable no te enteras de que te esta cortando el pelo","Aldicom Sistemas de Impresión","5","Todo un crack 🤩","Karima Bellabas","5","Puntualidad, eficiencia y rapidez. Corta muy bien 👍 excelente","https://maps.googleapis.com/maps/api/place/photo?maxwidth=800&photoreference=AcnlKN1arJfR9chzm4cStp-S_lQgROuNSqI6os2TdaVZ5XnOAoLgLGcnIcIdy-pcKObJFsC0A4F0RRwuEoKbxLSuDoW1ib69Vf5CQMsl2qvaDuKxmm7WSdDqUTEuKvNPovP0StMgaZCE9PJ7aSL8a27XTgOIKc3UIABq8kUWJIupZXofJlURFvStMTDQogGVQMOUioD_FTaYLpKeBJwveq2MvkG4VYJDfU4KmY2h_t2xRvPY5lQak4GKJWz4sc59E4RcVwIAuxl7P7XBfDHDYxW0zYse4LFGIj0V2VMWSoiC2S-ll4Twfw2S3THinLUsMXo0GIscFN8LO0U-Pfiv9kJGktu-0gOjJrBHI_SsxFDdXrIv_aO6EnTnl1Baz2NbjXW_JlSme0lDL9542inCsGltcM9uP4-qQ8nPmApnIdlD53wTTmI&key=AIzaSyDYOoF-ybVDXPXhmnOq1TChpFQkEgr9meo","https://maps.googleapis.com/maps/api/place/photo?maxwidth=800&photoreference=AcnlKN09sCuVulnuoBE8Ly9FgOlVpYwp9K4z3mJKdfjmmn2o_gzdMcSYLGu2_0N9iL3qTNbD9rjjBPtMOrnakjlXCLL06nWSp1fwsJuRZspIVrdy0QyDTRmAhfr9_KHcFI1lpsfEUrTpACIJVubaH6RTMQ4-Wz9stkRglGKM-anlfBeY2H2XWEwSJXcbr8jIvmVNemn4G0_QKAxzrMrOosDcirS-5o64jPI3BMHjjXutdLiYVx_IKpv2OXd9F5MAdqcJZ8cri-sSFUMl06GjxhCjB4vkD-i2jHcf0phcfyG38JjGUE0SkmaCrZWqSyIKXPlZlIIZseVHYAX27ACWXjc6eCqfjIaikg-GT2L_6wxSWjVIQQeekxwlHOyvcs-EuEZEmVbPDu-cK07PFcyhCtHNw1PdqbxJhqDHuGGyCKX3kKY&key=AIzaSyDYOoF-ybVDXPXhmnOq1TChpFQkEgr9meo","https://maps.googleapis.com/maps/api/place/photo?maxwidth=800&photoreference=AcnlKN0ajxagZE-F2dDVbXitXX7XPg3EM6ho-3iFVjDY5w4a5rqfHuh5uy9qcPXX7i0L80Znw0Hct6kuZGVCGxbQCw3rlxDmr-6Ir_Gx7tIRDAaxlbSGdfTESL1l0h7bLBri7PigbvMr-OBIeHk-NIlZKdxtDzUBfFxEr4q_ObX_MBOfqxqD6-_5xUBA3tJweUajpzTq2Ul-XgRvYRvthTqEjjGJFNG1qI1MbZdSsGmxXx8-E8sZkimvf0GRB2OOfssrpjaNYioRQSw2diwoHuYcPalhcxAltoaaJtCJyBmEd5hxnA&key=AIzaSyDYOoF-ybVDXPXhmnOq1TChpFQkEgr9meo","https://maps.googleapis.com/maps/api/place/photo?maxwidth=800&photoreference=AcnlKN3wlOd1dAaKiJAzGpVsGIpQstPv4p7DgwCGRw0SlMzASCc_nJ0fp_HxmMUNDvTl2A3CVmVfiQufPrJXNiR1VyLjjB9aeE4We2DqmU_m78nwEeIt3rXtBGAPVjLI2nPIV9_VbvsmE_FBj5UyZPL5yGwoWF2Wqimwq2ot599Dz4q0FshaeHPfyLw_kadbwiXCo3xT5Sy-XvGV-VCzr7WhkgdtRg7LWaGcBo-CYvH_1UEEaLajUe1QnvFzFAB2stBCXqxG-uATWXixG3OBzqYpp2U5wvoCxECI9fk0k2WCkWBmxA&key=AIzaSyDYOoF-ybVDXPXhmnOq1TChpFQkEgr9meo","","38.0751254","-0.8392457","85","🔥 A - Prioritaire","30","18","15","15","7"
"fisioterapeuta","Cisé Clínica Medico Estética","Av. del Mar, 50, 03187 Los Montesinos, Alicante, España","Los Montesinos","Vega Baja","691 92 16 74","+34 691 92 16 74","4.8","20","1","https://maps.google.com/?cid=15126512134068765111","ChIJV0VWX4WoYw0RtwHOaaQq7NE","lunes: 10:00–20:00 | martes: 10:00–20:00 | miércoles: 10:00–20:00 | jueves: 10:00–20:00 | viernes: 10:00–20:00 | sábado: Cerrado | domingo: Cerrado","Salón de belleza","Médico","Peluquería","Salud","Fisioterapeuta","Sara isabel Giménez riquelme","5","Muy contenta  con el tratamiento, trato recibido las chicas son muy amables simpáticas atentas  he empezado un tratamiento de adelgazamiento que cada dia me veo resultados . Lo recomiendo  .","María Apellidos","5","Encantada con esta clínica. La recomiendo sin duda, profesionales 100 por 100, un trato muy agradable y todo personalizado. Resultados excelentes.","Mayte Qi","5","Es genial esta clinica,tienen muchas cosas para cuidarnos la piel y el cuerpo,me hicieron un tratamiento facial hidratante y uff te dejan nueva ya tome cita para volver y hacerme depilacion láser,deberíais probarlo.","Veronica Valero","5","Una clínica perfecta para todo ,mi experiencia siempre ha sido muy buena os conozco ya varios años ,y estoy muy contenta con los resultados","Nuria Sánchez","5","Yo he estado en este sitio y día tras día he visto grandes resultados, gente evolucionando más de lo que pensaban y un servicio que se ajusta con lo que te dicen😃. Yo lo recomiendo a la gente que me pregunta sabiendo que van a ser profesionales. Lo que hacen es muy distinto a lo que había visto hasta ahora.","https://maps.googleapis.com/maps/api/place/photo?maxwidth=800&photoreference=AcnlKN3yh9Qt7XgaS9-EQuhX8p1-tcqZAJngZsF6R56Tm0VvX5sGvB6N1UkJtq3AOZYxnWDNsqYFyanMMpjA6EdmrYBDzTqQxfmebMxAjDEIic7SpOjexPiE4Ni8-qcPWj04gS0eGi2Rtk_1rDCLNloUfh3GeIUXg0a7RSsB_pL0ar6GN5LWMKt4o8b2aWw_INDPw_SvkcwnM1eby2yY3XC3rNeZ2Dmh3igd4XM6DPGNund8vSwcp6Wx5QRhqld92UFucKsadgVZFl86z5OZMpcZZ8m5b8ZjKYFbGBxh2_WBJn9f3leKh2Qz7jZCCIXehJTV4K6wKynciGokjaRL3UzQNtT7hYsbSbfYvMS12lw9IZLKDomsen4DEm6nCC2iRYuLP0tc_yMZvl3yAmxbvYfwCi8QkBEDTtAEhb-KUTlXwA9lqg&key=AIzaSyDYOoF-ybVDXPXhmnOq1TChpFQkEgr9meo","","","","","38.0280293","-0.7439684","81","🔥 A - Prioritaire","30","18","8","15","10"
"fisioterapeuta","Chicas Salon","Av. Enrique Pastor, 6, 03689 Hondón de los Frailes, Alicante, España","Hondón de los Frailes","Vinalopó Mitjà","659 72 61 01","+34 659 72 61 01","4.1","9","3","https://maps.google.com/?cid=8169186503979208711","ChIJzUY_TcyVYw0RB5CY2dfHXnE","lunes: 9:00–18:00 | martes: 9:00–18:00 | miércoles: 9:00–18:00 | jueves: 9:00–18:00 | viernes: 9:00–18:00 | sábado: 9:00–18:00 | domingo: Cerrado","Salón de belleza","Peluquería","","","","Bo Petersson Von Malottky","5","Un combinación de peluquería unisex, Coloración capilar, Estilismo capilar, mayormente visitado por ingleses aunque cualquiera persona es Bienvenida allí. El personal es muy buena, amable y profesional. Os recomiendo una visita.","Jaco Van Den Berg","5","Bonito salón con señoritas muy amables, me cortaron el pelo maravillosamente. 😀 Soy nueva en este lugar y estoy contenta con una nueva y buena peluquera.","Susan Rissen","5","Un salón genial, muy amable y con un trabajo excelente. Me cortaron el pelo como me gusta, sin prisas, solo atención y profesionalidad. X X","Suzanne Mansell","5","Un salón excelente. Muy profesional y amable. Un placer visitarlo cada vez que voy.","Emma Bradley","5","Hermoso y concurrido salón. Chicas muy amables. Expertas y un servicio excelente.","https://maps.googleapis.com/maps/api/place/photo?maxwidth=800&photoreference=AcnlKN30xT1cSklvYGqBWME6cemjOm8uO88sPN38N1ZZAsbv9y2luOIeJK9w4A6wOrmg7OOcyPQALBW_q3nr_bYTI0AmhoRkXz7CA7ImxWzFLArMqQjMkGXVzVMbcMyoqwu-8Tq7WvVboIz9v0WEKjbPZXpW9Sc1RoS5Cs0PtUkNiXX5bYw6rIRKC3Ch0V5GcKNpA-LpTkODwQIHNbC3OlXjEmSKqBz9nYic4XhyztUHkcvko0Clh4ZX3qPtqJZT_A8LF6P8xhlMajSwRa-SrbIGQ1LNcXp2v-8KCcp1mrIStOAWow&key=AIzaSyDYOoF-ybVDXPXhmnOq1TChpFQkEgr9meo","https://maps.googleapis.com/maps/api/place/photo?maxwidth=800&photoreference=AcnlKN1mhYqVhEdmKGbOxArOS20i0fxxazZUsnkvS5oCB7DSNHeQU7s4u5FJ6_amdTfjGDC3ZCADvRSP5FiB2PuwiuZoT-zO3erY8NUsZfvSEANp-yIxeGvRBrBJlwKOylFzXNMADcmpqTwc2Kr9LMaGW-bfKcFPFkWgNQhc_SrBAglkMu7jUHI_nY1RFrwuhYQ8bjDgczOXYjYzzSJ8xXwPGCHlsEoXByydB5eayeRp4hOQq6pRNiTMFCmNYYGfGgYTiGNi5utbeKFjkt6V4GhP6pCfSZS0lZr8IhWCs_yEuWS12A&key=AIzaSyDYOoF-ybVDXPXhmnOq1TChpFQkEgr9meo","https://maps.googleapis.com/maps/api/place/photo?maxwidth=800&photoreference=AcnlKN3FsmysA6AsnN-PVb02F7m-tNCgAMDQSLcfT5YMKd9JMvAYczQn25ALNtUbm-FdsqiFQPVuBxiJYiOuJX3SpC_Hel5CoG6SfprakLCmQo3N7nbQ_o5EX9m2E1nIa3GdxeQKry6dnkt6M_DtEYgjXvJ81zl_oTXToIq139k_ZlrNnhLu1Uxu7XQvDjxqCqb-wawPHlVoqB9xKsiKNd29EJHgoLKQre4dV8fcaIkpHL5KyasFiXgi1xlUOvyaJNda6N7eTKWGousB_nWWdlVQVwwnhzIrrZGhwo8n_ZGe6jKY-A&key=AIzaSyDYOoF-ybVDXPXhmnOq1TChpFQkEgr9meo","","","38.2736511","-0.9278243","67","⭐ B - Intéressant","20","10","15","15","7"
"fisioterapeuta","Centro Integral Patricia Quilez","C. Colon, 9, 03600 Elda, Alicante, España","Elda","Vinalopó Mitjà","659 40 07 53","+34 659 40 07 53","5","4","5","https://maps.google.com/?cid=9984328432353636308","ChIJcYkA97HFYw0R1G9FW891j4o","lunes: 9:30–12:00, 16:00–20:30 | martes: 9:00–12:30, 16:00–20:30 | miércoles: 9:30–12:00, 16:00–20:30 | jueves: 9:00–13:00, 16:00–20:30 | viernes: 9:30–13:00, 16:00–17:00 | sábado: Cerrado | domingo: Cerrado","Gimnasio","Salud","","","","carlos seva","5","El mejor centro de pilates","Nuria Bernal Quilez","5","","Rafaela Balbina Martinez","5","","Rober Fuentes","5","","","","","https://maps.googleapis.com/maps/api/place/photo?maxwidth=800&photoreference=AcnlKN1R8fs9iCLUJyiA5cIojXe7cNS31AKCWEWXAxBz6scFbMcyuBFzDJxwZTt-48zuMEWPJPLrAVfonQs3ERgPn19VrKowZ-ubHETdHf8mDq71G8FQEX7sFfL_fIdilHGKkPtnUGp9ZIbr8CvVyBmhX0HxrWbwobW4QdM9Y8wDGmecdf1JKHJQpAubKMD4NEgCj2HAajLmz4UrQEB0rGvC2qIV0SEJhrbIxuMZoyaaD_8FdVzZ5zSQvm9-sbUdRxXcHqJGmcsgZp34bgP8v1MzrRxT8arsoUlMPlMvfjDb0Pfp2rFpvHuQMv52lrpkfQ0AzWlTxnZWiRO9Qs832ErzOFjAP4x9PwzUNil4KnIhuxfcrLJDKAZMsVqRTfTazz7RmC1B7p9AbgNZj2V07jr0Ht_mh8vUbUIyzkp31L7uNg-JNVjz&key=AIzaSyDYOoF-ybVDXPXhmnOq1TChpFQkEgr9meo","https://maps.googleapis.com/maps/api/place/photo?maxwidth=800&photoreference=AcnlKN13QTKa6Dkddr1wNe9SUicEJNeiUw6_ba5NmZoF_C5wxdgPZMVHyLyu30qOpPl-Vnc0u2qtvYudC7xEALotwFBxZTahgP9vr2XrDHT0eUx0Cm6Jzg19ObnJlaAKJ3o33d5jY81U1jSIFNdKfKOoV_iIjmOdCD9rTdhWnPuN_SE1bO_APLmZku0Ij6499sdGn_et_8-bo_ALHWzNO7UY-fKuz0eMEr4b3Z7--OY3VoGtNl7MFfqv14UfwPvcuX4Vjk2-hUo6JT6zb8WMSXhalpzVdLYeWjX4o1wjFR1q1o-dnpAj-RvG34slWKdfBRuui76K-X6U4umF766MffQSgfxM1p-TdVH8URaPTPfTMoAxINq-GcdMlRIcR5mZlPGOgYVJlm0sOhGjWzkmYFb3co1a2AZg_knpa8xzjDZ5jQA&key=AIzaSyDYOoF-ybVDXPXhmnOq1TChpFQkEgr9meo","https://maps.googleapis.com/maps/api/place/photo?maxwidth=800&photoreference=AcnlKN2rRT7kM5fGpaU3KQUGU_lwzIscOV-9SsjH35Pm-qQpXAgsIAzYU9d0nOQmWanHvc6igVoGdiXEgE5aQFGIODS51QtuamKyf_wh3Qad8jm5PFMW4Dy2ZZY4SDQXfxKY-SAC5MoplgaJxKtGuCqazuObTG44E9Cdrhq0G7xBbgP3FbiY02eRxLY1FMMu8VBYTMzVQQceX95mT4pGyFkCG93mjUIsmu7TMnmUvQPjFSrwM9iuhzMQ0y79cR_Av7QhxhS_NvR1NBLgeKWQJjSR7gkLSKNkGSz4XcMdXq2-gjpN7J12ZZcDVWFq1iyx79lAfy9RUIV_viuxD1OIL60bCZmhHNqnLbpVpGCaiOqZ_qDcsHvHT1La3B4831TU6G-okMzUKWBXCYqXvgZ5IMV57vbnqYFPgfDunpm1Z3RNpvalXRKU&key=AIzaSyDYOoF-ybVDXPXhmnOq1TChpFQkEgr9meo","https://maps.googleapis.com/maps/api/place/photo?maxwidth=800&photoreference=AcnlKN00oFUy2E2va6XZmygBpmjKYD_D-FS-wEb-OPsbfFhevKWxPBEwi-VCtfIUZV_Y_6qdZWOLF1rKULxd9TaOXFzUrb4bwK6RxgI1oYEcFpOn5mFggccEqmbkWBHq95wgNb-pdXurvG4BsFWV7490mXb3HGb0PUaMHeGCHK0rFYDytAVP45Qa4o_uFheEujyiNsmvHnd7uCCP-8YqxOFwhLMxMRBYSV9Xh_R2aAIHhYYsNMzSkb4uhbgDyleGMhHAwUe_ys9YDqt7AJe-UKEnBsNKQRALVqXERwrEKW9wlC4t3A5i63XLcuMmlpEVij1ugDYxMiEcBhSxuFhduG4Vxf8i51D677nzjniUCBecmSglhDzxgXDYd6A2p32JM6H4-zUBooFNtoRhY3vs30m2VpvfX3Vs4aCJ0Dw_tnFTetiex0M&key=AIzaSyDYOoF-ybVDXPXhmnOq1TChpFQkEgr9meo","https://maps.googleapis.com/maps/api/place/photo?maxwidth=800&photoreference=AcnlKN1PQeAG4yCeWFTb5LzpoRy2yWegfK8n-XgHVAX5TTpv5mBRQuN--GCjkmF31H3irqwk3uGt8seAmRPuYIhE6TGZLSMXunNTYJF5RHzxgL-88KK98f3l-2_8-NH1KUbMzEJGlKwt8872GxN1-PdEUA6AUPbUau6HfHlKGmntJPlHaHy8NpAhD2m7idPJL6FZE3OVNXuzW6lp6ODAOD8yQ1O3m7RSYO6WUxsANmCD2F38WCJTdo2lJ6wFwQOxS6SJ77DOWN7UIriB9lBteQozy9Y0QmviLc6grqOtQaJ5lJECMp4WkRfpEi8ne2ZbToCwrfrQ9m6up5L74aenPSznTLfMBtMj3a3jA9wszhuOyTD6JXIRqbWDkDhxm3yqEhIdkXu-ZSgQQ7p0oy4-kwBAjAG7rfO_OXbcgt0mMTSO1Aba5g&key=AIzaSyDYOoF-ybVDXPXhmnOq1TChpFQkEgr9meo","38.4787133","-0.7967042999999999","65","⭐ B - Intéressant","30","5","20","3","7"
"fisioterapeuta","Centro De Belleza Estefania Garcia","Carrer de Sant Rafael, 13, 03111 Busot, Alicante, España","Busot","Alacantí","699 18 45 96","+34 699 18 45 96","4.9","12","0","https://maps.google.com/?cid=2750450198996052699","ChIJA6ZzM9M6Yg0R2-qPK-KPKyY","lunes: 9:00–20:00 | martes: 9:00–20:00 | miércoles: 9:00–20:00 | jueves: 9:00–20:00 | viernes: 9:00–20:00 | sábado: Cerrado | domingo: Cerrado","Salón de belleza","","","","","Natalia Guerra Raffo","5","Mi primera vez en puesta de labios un encanto estefania me tranquilizó muchísimo  ya que iba muy nerviosa la verdad que he salido muy contenta también me hice un retoque en ojeras y maravilloso sin duda volveré pronto","maria reyes del peral pineda","5","Peluquería muy profesional,  buen servicio y buenos productos , sobre todo el tratamiento de alisado es espectacular como queda y cuanto dura, lo recomiendo al 100% .","Veronique García Castells","5","Ninguna peluquería había conseguido hacerme un alisado tan perfecto y duradero...Muy profesional y atenta a las exigencias del cliente...Recomiendo 100%","Inés Ivorra","5","Muy buen centro de belleza tanto para corte y peinado como para maquillaje. La dueña es un encanto y buena profesional. Repetiré seguro","Victoria Cerda Gutierrez","5","Estefanía es maravillosa!!! Te da consejo para sacarle el mayor partido a tu pelo. He salido encantadísima!! Muchas gracias guapa 🥰","","","","","","38.4841108","-0.4187672","63","⭐ B - Intéressant","30","14","0","15","4"
"fontanero","Fontanería Bonastre","C. 2 de Mayo, 73, 03600 Elda, Alicante, España","Elda","Vinalopó Mitjà","665 63 54 13","+34 665 63 54 13","5","4","4","https://maps.google.com/?cid=9634107886355738015","ChIJf8b7FrDFYw0Rn-0FNhQ6s4U","lunes: 8:00–21:00 | martes: 8:00–21:00 | miércoles: 8:00–21:00 | jueves: 8:00–21:00 | viernes: 8:00–21:00 | sábado: Cerrado | domingo: Cerrado","Tienda","","","","","Vicente Crespo Tortosa","5","Muy recomendable.","Raquel Gomez","5","Muy buen fontanero","Toñi Bonastre","5","","Leiaia Ole","5","","","","","https://maps.googleapis.com/maps/api/place/photo?maxwidth=800&photoreference=AcnlKN0Wt1-Lm0k50dGQGzPoGtG8DXgkWrrnOOfouow-oYHLyaOHWL7g9GzYb6X0EpFlnov2LBUEHrB9VHXd16Xhcm_T1HAhNa2mmU_R_VhAbByXmjWZ-mOD7CcofmcaBD9hq6xqGriaUL8mMVGmh_iSJMYWnTNsuzx_ZxUB7JoKaR7fBPEZ8WuprKeZFb23i8XcXMBv44cJLdNFxTlDQbd219VRzkBir8flkLct74EYqri4OjN7vGuqoks9XQUr-obgT2nGUS-uaXAelgP98Lz2h2G8bBxoKc5cVgpYCoGWlR6THw&key=AIzaSyDYOoF-ybVDXPXhmnOq1TChpFQkEgr9meo","https://maps.googleapis.com/maps/api/place/photo?maxwidth=800&photoreference=AcnlKN2NECMkP5_GUDhgDzhH9YVPZnLmOO-KQ34eNpErOYtpKCGew-10_1NK4ebstVCGZGugHuZSRVogTfaMqACRmoV53HZdip4qK8FaBXvHODVoF4R9t8ZgBLqaKgun7s7SsgNTE4lnylhxWebg2bDT5yKViUXfD62_lOfWCV-aGiFcMiBVy4QYHU-MeaDGcPCgR59bS4gKVF5vWDcxVCmUU3MgRHLtvdt2UkJBeo52IK8-QQbqm0EkPuCbJRx6FB5vLdubspcU97bzfkAsrR6qUUhszFgy6nDJzC8ziSyizYIPaw&key=AIzaSyDYOoF-ybVDXPXhmnOq1TChpFQkEgr9meo","https://maps.googleapis.com/maps/api/place/photo?maxwidth=800&photoreference=AcnlKN31CsvOSQGLK2IpjzKKcKSK51RgUeAwH5dae_YYORBFn7pEk2GAeIeMX4Y3ucmyV3RRl3hzppH8MiMGFyu5xqg58B8vGvII2P0ZXx14ft_cWbrOS2kHsYCXRSs9MB7Nk6ETq4H6fS887lsaiVDVxhU79PSqUviMK7WEueocI82HH_5X1WvWBstsPn9UKXPAd6cZdfVaje5D9HNhfYN34zEL9bBe-Zp6-r2WV1OA15MssPfFC_UVbmREfDC7rc4Fqg4donT_xLW-ukKQJGcJvLMgeXOPmmwD4SCIbTmF0llNJQ&key=AIzaSyDYOoF-ybVDXPXhmnOq1TChpFQkEgr9meo","https://maps.googleapis.com/maps/api/place/photo?maxwidth=800&photoreference=AcnlKN1wpLt5OVSADkV5LXJIlhm2MpdA7uPA4JtEHfrWtKVXRtc3MtxtiA4jahNnzCynWjNahsp9C5yYq2XzhypnqSj30er3ph-eUrguQBP5gHf9oykRGBUVlvPw7SGS-T0hO_GeXmmH3IhVbkhMZo0q5CGKPMeyMie7WOrEu_X8DAQDxCjEIyfYiJ9WzILTk0-1l73FgBK3c-_0_vCHxwCzWMhdohc2-4V1iMc_HJPSUIk2Ivn7N1a6viyMN5GI7OxQpeBMg9tVwQgE0BgtcKIeKs_-AAdq3li7SUoK4O8uPcvypeKw1wtZIw9WPBVP491QC8G1Dtbfd2qnp8pZxCt9ZApS0-fqQUc7sFVm7RkqwRMXpJSBLGDX-e5uwZsEJnMG52fsiJGlYetQW7kjLSweWbB-KFaCDpenNVQpUuwaX2DsSljI1W33SO5hWMWeygIZ&key=AIzaSyDYOoF-ybVDXPXhmnOq1TChpFQkEgr9meo","","38.4808843","-0.7926236000000001","60","⭐ B - Intéressant","30","5","15","6","4"
"psicólogo","Celebraciones","C. Requejo, 15, 03688 Hondón de las Nieves, Alicante, España","Hondón de las Nieves","Vinalopó Mitjà","647 86 73 70","+34 647 86 73 70","4.8","68","1","https://maps.google.com/?cid=16961264397614747202","ChIJsbYSImG_Yw0RQo5O4RqEYus","lunes: 9:00–14:00, 17:00–19:00 | martes: 9:00–14:00, 17:00–19:00 | miércoles: 9:00–14:00, 17:00–19:00 | jueves: 9:00–14:00, 17:00–19:00 | viernes: 9:00–14:00, 17:00–19:00 | sábado: 9:00–14:00 | domingo: Cerrado","Book Store","Tienda","","","","Mayte Escalant Mira","5","Muy bien","Tomasz Buczeń","5","¿Qué puedo decir? Es más que una simple tienda. Para los turistas, puedes encontrar un montón de postales bonitas, libros, etc. Para los lugareños, Christine hace mucho por la comunidad y, como la oficina de correos y los mensajeros a menudo no encuentran la dirección correcta, dejan un paquete allí. Por eso, insiste en encontrarte y hacerte saber que hay algo esperándote sano y salvo en su tienda. Me encanta y gracias :)","jaap slooff","5","Un emprendedor que todavía entiende lo que es la amabilidad con el cliente","Esther Abend-Klee","5","¡Siempre amables y muy serviciales!  ¡Aquí siempre encuentras algo genial!  Libros, recuerdos pequeños y grandes, sobres individuales, tarjetas variadas y mucho más.  ¡Vale la pena visitarlo!","Marten","4","Christine siempre está dispuesta a ayudar, excelente dirección.","https://maps.googleapis.com/maps/api/place/photo?maxwidth=800&photoreference=AcnlKN0KiCxnRTAAFE1S7rYeh_JykMEfElecdaZ-cdG0-q-XjRnXlrPlnyFkVyU3Kk-_egQOP-8rC_yvvjocwbw5MCPMMn00CAo72-n3hBKeUrtNLpDlfH-PFiUA5PZ5hDa3VdSLOuM35hhIWNx3jstYp3_YVDpxy9YZtNH5gmTwkeE12FI-3yU80WuE6cK9UOJxYe-xePlxBhUACvvqdjcZIudZrQ67a0qlpc1cKIpw8EoDE8YAt5RUCxcesimoaphVPhNYe5QE37dhLrnaF8w8pMFrzTLnMgu7Yv_o2l8M47fFSkWjTSY3mTck89lohZ_RJCrZouwlUz02JN8vPRtyzkCJ7c1A15sgsRY32yLU-vNpKqMlKeeII9EKNX-dLUjgepVwWY11MIgxOcGlEiKlg81l2EwvTKXtjO7pG0Qyp7jG6bI&key=AIzaSyDYOoF-ybVDXPXhmnOq1TChpFQkEgr9meo","","","","","38.3094932","-0.8512097","85","🔥 A - Prioritaire","30","25","8","15","7"
"psicólogo","Notaría de Onil. Ignacio Martínez de la Torre.","Carrer Cervantes, 2, bajo, 03430 Onil, Alicante, España","Onil","L'Alcoià","644 94 97 85","+34 644 94 97 85","4.6","21","5","https://maps.google.com/?cid=17838758882645270605","ChIJKV6Qg93VYw0RTWDqobAAkPc","lunes: 9:30–14:30 | martes: 9:30–14:30 | miércoles: 9:30–14:30 | jueves: 9:30–14:30, 17:00–19:00 | viernes: 9:30–14:30 | sábado: Cerrado | domingo: Cerrado","Finance","","","","","bolloconhelado","5","Hemos firmado una compraventa de una vivienda en esta notaría, es la tercera vez que firmamos con ellos. La atención es muy cercana y profesional. Tanto Ignacio como Luz y Jesús son personas muy amables y atentas y resuelven todas tus dudas. Se desviven por ofrecer un servicio ejemplar. Volveremos.","Andreu","5","Totalmente recomendable, notaría rápida. Si eres profesional y trabajas con notarías, está merece mucho la pena. Don Ignacio, Jesús y Luz, seguid así. Felicidades!!","Ramon Juan","5","Tengo la gran suerte de poder trabajar con esta notaría desde hace más de tres años, por diversos motivos. En alguna ocasión los trámites a realizar presentaban alguna problemática añadida. Para solucionarlo ha sido esencial el asesoramiento que me han prestado el Sr Notario D. Ignacio así como su oficial el Sr Jesús. Forman un equipo espectacular, capaces de resolver cualquier inconveniente que se presente.","Sol De Diciembre","5","Muy amables y atentos. Te ofrecen todo el tiempo necesario para explicarte a comprender aquello que no puedas tener claro. Lo mío se demoró bastante por culpa del Registro de la Propiedad. Menos mal que me di cuenta del error antes de firmar. Entonces, desde la propia notaría me ayudaron a subsanar tan grave error. Profesionales y estrictos en sus deberes, algo que se agradece muchísimo en los tiempos que acontecen hoy en día.","Aurora XZ","5","Es nuestra segunda gestión en esta notaría. Resuelven hasta la más minima duda, asesoran y se aseguran de qué el trámite esté para la firma como lo necesitas. Sin duda buen trabajo, honestidad, claridad y corazón.","https://maps.googleapis.com/maps/api/place/photo?maxwidth=800&photoreference=AcnlKN3TVWVt7pvThxlT_-cb4gpVV6Ig5B4sx8aB_VFfDO9U-aO3cX9ksU4wstkuUupP5APCAmQQ6-CNyS4VvhWyAy4ctVuVR65AVWck2rK7pMZQUl0Fz-Brf9x7Shc2MeKRZ3qw6eJoVrppHZtkhVy-GNfFVp6CGk_mhvobgrh-hON_2p9Jwm59AnfSUuIcKe5mwaE2mKblR09G8JPrsWCixHacTBFo8AfR_RcKYohT8ZcvZqVo1MZIZpcdRpNXKhE3atKZo8szrjNyxvy-QE5liz-507tWMR3hqkpCVR8fHWLR1A&key=AIzaSyDYOoF-ybVDXPXhmnOq1TChpFQkEgr9meo","https://maps.googleapis.com/maps/api/place/photo?maxwidth=800&photoreference=AcnlKN3juMnPmXyoss1A-Lbz8B5ZdlS5zO2nDDKpTq0eW6Xpm1O3fKkXQKUvgFRJZfQj_kwFuQ1WppCzDogFeSH-qtTREXO3PeaOZcqrS9yLmJ2iM1z9bSiX5LMXhuHS4zUKvXRUsixQdt0tzksvSY448RYbtCSlyBHlzlXIEkJjYPDQ0qPQcLm6DqHXaDQAn6MgprpMQ1aYLpXOfWxIjTWFchiNpQ05WBq3frP2--giiSZt9jjPLGSPU4JaMJJ-HzEV1Xga24HnxFye5e9LVjT20_mbREeZGtbHNjkG-3I9pplcjA&key=AIzaSyDYOoF-ybVDXPXhmnOq1TChpFQkEgr9meo","https://maps.googleapis.com/maps/api/place/photo?maxwidth=800&photoreference=AcnlKN2KlFZsz5cYRezx5Pce7uANfZVIV5GoHBT8eKSqoGPUMTsUHsslAu4I0TVnSs_30zut15neTRQQ46tPhieYTf_x8DH2bF4pBt_V-KQUsQdHZOBKdUxFcaacBS8m5hfcoFWDXyZbcRdbC1k4Wv2wqOt6Ych9p6GfL49M50erSM4Hl-L8LK17W3f73iVzifgCXnUr27mS2x0VEDfbUfk9SBs2cVti1cgCm7jHLKZbzaD-WMEFkjrOJj5MvHAqEW6_arzAr-3G_wrNcjebV9A5gf05ELlXLZPm67PXahJtfmSaPw&key=AIzaSyDYOoF-ybVDXPXhmnOq1TChpFQkEgr9meo","https://maps.googleapis.com/maps/api/place/photo?maxwidth=800&photoreference=AcnlKN16FCBGhPmz8RPUcGBYz-bsH7XDGlcom4yojWe-xBwMj_zdqjXhIpNXGcLqSvXuGQZ2UatQkkg641i-Ju4ZqNlRbKpqBUdHEXZtA2Zw1iLaTnupd0uaFXB-f6iYX9L145ERgtSJCl1pYXPB0tda5tu8-rO2vwu0a_c5CQHnrqvHyrQYUO3DKudgcWkNg1ovHX85ffSVMOR4r3VW0d0uNIx3rHDeeJ9Tfu-8IAvflbj7RFPm2M26oFvelKecjQOtz7RNSTIxlPT3l1pF1eItGlrKOXOTS2ZXtgGIzFq_teN2dw&key=AIzaSyDYOoF-ybVDXPXhmnOq1TChpFQkEgr9meo","https://maps.googleapis.com/maps/api/place/photo?maxwidth=800&photoreference=AcnlKN2I44QWuiDRRTjWz9xg6OiEAu__KfgSV6cuW9rJF1kxll0wd5cUvgFO9vniq-oL-HVpi5mCvuTsuI1uzzd-I_gGwsXBXj0S1y_UAhNmBOdvSCUlWEMgKhI4TQFydp3KIlwMz4pSAac-dadWvsuSUNj5KXioV-kAfQROhyIBawLIdHYtJLBklcuAWaN3IJ6T9tpkAWq21sMMOkFiCgk7c9Qnrv2UPvGxcj6XHo26w7CLfQg3V1jKj-fTN-NzONIMLwqpeNcmWFIXQCsuZcdzEgX3km0WRFDom5vVJFja8qtzfw&key=AIzaSyDYOoF-ybVDXPXhmnOq1TChpFQkEgr9meo","38.6298909","-0.6743186","82","🔥 A - Prioritaire","25","18","20","15","4"
"psicólogo","Satori","Partida la Olla, 1, local 6, 03590 Altea, Alicante, España","Altea","Marina Baixa","619 30 70 55","+34 619 30 70 55","4.6","7","5","https://maps.google.com/?cid=8038067666990134077","ChIJl2LxqowBYg0RPfN_o_TzjG8","","Bar","Salud","","","","CHEMA MARIN","5","Altea es un municipio español de la provincia de Alicante (Comunidad Valenciana) —y también la capital municipal— situado en la comarca de la Marina Baja, en la costa mediterránea de la bahía de Altea, al sur de Calpe y al norte de Alfaz del Pi. Contaba con 21 995 habitantes (INE 2018).","D SI","5","","Aar0n24h","5","","antonio berrocal","4","","Claude VH","3","Típicamente español, entorno idílico, servicio agradable pero lento.","https://maps.googleapis.com/maps/api/place/photo?maxwidth=800&photoreference=AcnlKN1R9Oabxa3sJUCEkRqxJnqC488msiwIl1NnwCpjk_UVQL_Hga9UdMCu-P2tdP7w3-Y3FxGuxhikCU-KnMgrNNH91oHuOREVk00PkqFxa-LmwkhcblgYoMLOx2b9h7QS1DDjz7OnrKjnA4cdKXPoliXLNdTOKrPFvLkJPOXAq8dvu65UTgT0B8MGpCD4W2sBlj-_F3jB2vvJYudwFXIB6UVeaDEUnBcP7uMME7mSnXHPbQJZcfqJHh4UfnDRoDR1u6d6ZQFUrYGZKIf0TvAIisog65uKbM_n-pbmbfgfZ39sQ5sw6EJlSG3f9UbLFRATsmS8mJhqaK-Il8cRzNHOiz1NXGZfbdEXuR1UMcJBJ2HU0Gl07-XnfkpyJTyIsnAKpSbOGX-804Apndu_6B9hogBOCj7Axxl3RWyQMtpt1KEkUA&key=AIzaSyDYOoF-ybVDXPXhmnOq1TChpFQkEgr9meo","https://maps.googleapis.com/maps/api/place/photo?maxwidth=800&photoreference=AcnlKN2BtPq6bx407PM6MlvTh4KOTq17Ery62vwnxVa4nQNPvOth-iT20Ih3sKWs921pbLps20UfXzhQpJEsQDak03RakjG1kYQlGpKDw1plNzzlUB5yOMkI40fUVUpB9FzHgdk_dMNvZm2MxuhRSGpwFTQJIAFeYQb4tfpKy4NYxu8FZ69zoxt4d0zoMa2cvxekKxk-5WUJC4k1S7vJvY1IqOsxbcbrn8NU4mDgNh04SeFadQu5haEOUgqVBhq1Pj9j3M5srHNkJxv0TcBRdgwfN8ueUvI8XDI57QqKmaMwzFQUVffThVHTxpcta9r1MmOSzr87UBKpR831cT599GzjNK7mDyit4EXcK8DdqkoAK3UIfUW__kh8jSHS5NSM5NyOtEy7sceLYGibA_R4jZLz2JfMQrnhiZkQpIFji3txPtcGWw&key=AIzaSyDYOoF-ybVDXPXhmnOq1TChpFQkEgr9meo","https://maps.googleapis.com/maps/api/place/photo?maxwidth=800&photoreference=AcnlKN0hFOYLgyHSPcW5UgMKaxvJy1eBc7W1agcZ71xRikTzRdHm_h-DvN8_T_rM6q_O1gds8BFpy_0dqypHNp_cPcd1pmIEGm-FQ7UPESbM455Ht-L1hVmfdUqBeWvnqXRMirRfM8CI0gqkMWcYhbx0krdN-9FsqYnpe0Zls8tjtAwSK9QVsQ1sFJw7rkdMxRyMg2KKNwSpiSG9f2-ZMBT-2dtrcfCwAvQht8pOB6W4s1kEkcGBCelNR5lOVniyTpUx-ixTrZO8-_jNdyWaYUO5l3yL-GrGfZ8oFq3F-uFE3B0Tpr9GUeHQfdZ-4RnKs7OvE6sKSL3S3weXy0nJVtiucWPd08tw5PTROJWpLHiEyJwaZqSYhiUGmO80PA0Pq0KuviKq0Bn8tkdBDNMOijby4oy1I4BMN1ku8MsbKyXoGmXcfXE&key=AIzaSyDYOoF-ybVDXPXhmnOq1TChpFQkEgr9meo","https://maps.googleapis.com/maps/api/place/photo?maxwidth=800&photoreference=AcnlKN0KL8mxctw3oZfSk8OuzhYRBTmZ54qt9UxfB5kPF-c9DfkFiwu358RykbxN21l68tReEf0vcl1jy4-JD1qMXQaoj8qDjYi8r5VDPa5kkqyVCiYnxr17gKs3E9Vu64x60LdRGbk_l05fz1ENL2kEpc-FlauSOXSm2DiK7a-yXc7nVz2VtLHuoPd85EigZtDJkcA80SbkVivhuTVT8mWie1K3hmDQy5RmHRYq4_8Vvg3Qc189TLVvfjkfYnKGrH5m2qX5tbvcRQ-xfzfJJex3H7EKxsx7UnUGn9bAWGtavpMA_KxNN8EtQG3Xnoh2rqtAq36JF6KGfhFwY-Nj8TRLJwVRvj7n7kOXHpwDHhGEatZQgCFq4OE8D4LXLn4FgDC9dQWk4q4BM3APWMZbtw3LiUyB-3Yzb8ySG7RB6VtgpJGWag&key=AIzaSyDYOoF-ybVDXPXhmnOq1TChpFQkEgr9meo","https://maps.googleapis.com/maps/api/place/photo?maxwidth=800&photoreference=AcnlKN1h5LSNGkdXTqwq3cb1fsNPmTJ2lA3CirUfOYBPYxmwetUzIvCsWbzhGXYzmDwfstHWPRaptH_D9v1AWeX06uV80q0fBG0ZhF-vPeYquDjw-MOTuNwxt1GA7QLMqDK_gOC2z-IxDjEyFQ9E7JDQZpqZ1GcNL3K-qu7-x-xY6cUbRkdLytZC0bvex7HIxM5ErNkGrI-Szoi_qXGgwagxY8Zu3ZfLfDza7oZCDN2DoNQ7O51lVU2NyU0i4UCKwiSYHIeZmSVMlq7r9NAPS7-Goa7S_2L3TcmB9H7ypEv6UbLErwQM58f_mzRnUISc89SbUe_Gtz5_AdwNI1nKonufTSNlGYvDuHs6PhaP3RAcKXqql6oCsIdpfepbsz85d19ybu3zSQC2Q0_89r7XYHohjeU71juCAemASpbWUwBmQLeLc7CR&key=AIzaSyDYOoF-ybVDXPXhmnOq1TChpFQkEgr9meo","38.6168446","-0.0318487","68","⭐ B - Intéressant","25","10","20","6","7"
